-- phpMyAdmin SQL Dump
-- version 5.2.1
-- https://www.phpmyadmin.net/
--
-- Servidor: 127.0.0.1
-- Tiempo de generación: 02-03-2024 a las 02:10:18
-- Versión del servidor: 10.4.32-MariaDB
-- Versión de PHP: 8.2.12

SET SQL_MODE = "NO_AUTO_VALUE_ON_ZERO";
START TRANSACTION;
SET time_zone = "+00:00";


/*!40101 SET @OLD_CHARACTER_SET_CLIENT=@@CHARACTER_SET_CLIENT */;
/*!40101 SET @OLD_CHARACTER_SET_RESULTS=@@CHARACTER_SET_RESULTS */;
/*!40101 SET @OLD_COLLATION_CONNECTION=@@COLLATION_CONNECTION */;
/*!40101 SET NAMES utf8mb4 */;

--
-- Base de datos: `sgcitas`
--

-- --------------------------------------------------------

--
-- Estructura de tabla para la tabla `citas`
--

CREATE TABLE `citas` (
  `Id_Citas` int(11) NOT NULL,
  `start` datetime NOT NULL,
  `end` datetime NOT NULL,
  `Id_Clientes` int(11) DEFAULT NULL,
  `Id_Estilistas` int(11) DEFAULT NULL,
  `Id_Servicios` int(11) DEFAULT NULL,
  `activo` tinyint(1) DEFAULT 1
) ENGINE=InnoDB DEFAULT CHARSET=utf8mb4 COLLATE=utf8mb4_general_ci;

--
-- Volcado de datos para la tabla `citas`
--

INSERT INTO `citas` (`Id_Citas`, `start`, `end`, `Id_Clientes`, `Id_Estilistas`, `Id_Servicios`, `activo`) VALUES
(5, '2024-02-06 14:00:00', '0000-00-00 00:00:00', 1, 1, 1, 0),
(6, '0000-00-00 00:00:00', '0000-00-00 00:00:00', 1, 1, 1, 0),
(7, '2024-02-29 12:00:00', '0000-00-00 00:00:00', 1, 1, 1, 0),
(8, '0000-00-00 00:00:00', '0000-00-00 00:00:00', 1, 1, 1, 0),
(9, '2024-02-29 12:00:00', '0000-00-00 00:00:00', 1, 1, 1, 0),
(10, '2024-02-29 12:00:00', '0000-00-00 00:00:00', 1, 1, 1, 0),
(11, '2024-03-01 14:16:00', '2024-03-01 14:16:00', 1, 1, 1, 1),
(12, '2024-02-29 15:32:00', '2024-02-29 15:32:00', 1, 1, 1, 1),
(13, '2024-08-29 16:56:00', '2024-08-29 16:56:00', 1, 1, 1, 1),
(14, '2024-08-29 16:56:00', '2024-08-29 16:56:00', 1, 1, 1, 1),
(15, '2024-02-15 16:56:00', '2024-02-15 16:56:00', 1, 1, 1, 1),
(16, '0000-00-00 00:00:00', '0000-00-00 00:00:00', 3, 1, 1, 1),
(17, '2024-02-29 17:35:00', '2024-02-29 17:35:00', 3, 1, 1, 1);

-- --------------------------------------------------------

--
-- Estructura de tabla para la tabla `clientes`
--

CREATE TABLE `clientes` (
  `Id_Clientes` int(11) NOT NULL,
  `Id_Usuarios` int(11) DEFAULT NULL
) ENGINE=InnoDB DEFAULT CHARSET=utf8mb4 COLLATE=utf8mb4_general_ci;

--
-- Volcado de datos para la tabla `clientes`
--

INSERT INTO `clientes` (`Id_Clientes`, `Id_Usuarios`) VALUES
(1, 4),
(2, 5),
(3, 6),
(4, 9),
(6, 22),
(7, 23),
(8, 24),
(9, 25),
(10, 26),
(12, 26);

-- --------------------------------------------------------

--
-- Estructura de tabla para la tabla `comisiones`
--

CREATE TABLE `comisiones` (
  `Id_Comisiones` int(11) NOT NULL,
  `Pagar_Comisiones` decimal(12,2) NOT NULL,
  `Estado_De_Pago_Comisiones` tinyint(4) NOT NULL,
  `Id_Facturas` int(11) DEFAULT NULL,
  `Id_Estilistas` int(11) DEFAULT NULL
) ENGINE=InnoDB DEFAULT CHARSET=utf8mb4 COLLATE=utf8mb4_general_ci;

-- --------------------------------------------------------

--
-- Estructura de tabla para la tabla `estilistas`
--

CREATE TABLE `estilistas` (
  `Id_Estilistas` int(11) NOT NULL,
  `Estado` tinyint(4) NOT NULL,
  `Id_Usuarios` int(11) DEFAULT NULL
) ENGINE=InnoDB DEFAULT CHARSET=utf8mb4 COLLATE=utf8mb4_general_ci;

--
-- Volcado de datos para la tabla `estilistas`
--

INSERT INTO `estilistas` (`Id_Estilistas`, `Estado`, `Id_Usuarios`) VALUES
(1, 1, 3),
(6, 0, 22),
(7, 0, 23),
(8, 0, 24),
(9, 0, 25);

-- --------------------------------------------------------

--
-- Estructura de tabla para la tabla `facturas`
--

CREATE TABLE `facturas` (
  `Id_Facturas` int(11) NOT NULL,
  `Fecha_Factura` datetime NOT NULL,
  `Factura_Total` decimal(12,2) NOT NULL,
  `Id_Productos` int(11) DEFAULT NULL,
  `Id_Servicios` int(11) DEFAULT NULL,
  `Id_Clientes` int(11) DEFAULT NULL
) ENGINE=InnoDB DEFAULT CHARSET=utf8mb4 COLLATE=utf8mb4_general_ci;

-- --------------------------------------------------------

--
-- Estructura de tabla para la tabla `productos`
--

CREATE TABLE `productos` (
  `Id_Productos` int(11) NOT NULL,
  `Nombre_Productos` varchar(45) NOT NULL,
  `Precio_Productos` decimal(12,2) NOT NULL,
  `Cantidad_Productos` int(11) NOT NULL,
  `Descripcion_Productos` varchar(200) DEFAULT NULL,
  `Imagen_Productos` mediumblob NOT NULL,
  `Id_Clientes` int(11) DEFAULT NULL
) ENGINE=InnoDB DEFAULT CHARSET=utf8mb4 COLLATE=utf8mb4_general_ci;

--
-- Volcado de datos para la tabla `productos`
--

INSERT INTO `productos` (`Id_Productos`, `Nombre_Productos`, `Precio_Productos`, `Cantidad_Productos`, `Descripcion_Productos`, `Imagen_Productos`, `Id_Clientes`) VALUES
(1, 'a', 12.00, 2, '123', 0xffd8ffe000104a46494600010101004800480000ffdb00430006040506050406060506070706080a100a0a09090a140e0f0c1017141818171416161a1d251f1a1b231c1616202c20232627292a29191f2d302d283025282928ffdb0043010707070a080a130a0a13281a161a2828282828282828282828282828282828282828282828282828282828282828282828282828282828282828282828282828ffc00011080200020003012200021101031101ffc4001c0000020203010100000000000000000000000102050304060708ffc4004910000104010204040307020404040502070100020311042131051241510613226171819107143242a1b1c123521562d1f0243372e1435382a2163492b2f1257326354463a3b3c2ffc4001a010100030101010000000000000000000000010203040506ffc4002711010100020202020300020301010000000001021103211231044113225132610533427114ffda000c03010002110311003f00f071aec8a3d484db447a850eaa41a343c9a11a29a319d0ec9a55dfa2635d90166b6081a8d54b648b4ddd853b11bd74bb401aea0152a277252d8a6c147a23d5d40a45f64c134a361004bb4a446efc448f50d8203ab6d100ea6b75202d6f375bafa27f97e090d2fdd1b8bec810240f7459dcd27b9b4016102dd303fdd200dd02ce8293419486e9ec48d0a6d17b0522235d52ad549c0b76486a75d946c00a0fb24480754c38ebd93616a984c1049bb481ed4a76009d7ba106d4008d344b4edf34c6a12aec42000b4fb243441b4004ca6d4893aa6c148ad11486a6c468f75203bee9d2102ea8aab4c0b3681aa8090401ba696fb6deea43e5d0ea8a3d3445d7409d9eca350448037dd2b3d94cdf6d14693410169d6b48d6a9203d90155bd263649c280206a81a8a5303f884135b0a49076521fc3aa5b6c130ebd91ba8d7f44754c27e907d57f20986d28d043621036dd08baeca7611144eb684f9b4d8249b08e809076dd487d521a1bfaa01a6ea53600dd0845ebb201bea91d53626403fba0d5e82ff00841f4ddf5516fc74eaaa2541223e1f245688aec1024c574401a2600a40931bda291680df43a23dba25d50900401b0bf8a74de5bad530754aacdeaadb08edaee81548f606fdd09b0800a5a24d1aa0e81401b66e9008bd0125005a67d8529d836e947aa498bad4da606ea2d11b2371683aec9d1ec01457b95018aad92dba04fa2405ea54c003b9a3f44068ad4a62bdfea929f41048929a742ad361376a40aa143ea9f43ba0a055aedaa6903d2b64c5da507e9f141bd34db7457748116ed37550dc6bdbe28006faa6351b5206c501a23a2555dd1414c09a47ba62fa200d36011d0a9f618a248ebd4208ebd9036f7413a68a2840fb263d90dbea4d7c10029069bf540d41dbba3f203f54743ca7551b09a41268d840dd17d10ddd03052000365348eca650103a200ee808bd53668168e8803947528af7284d835a340a28b40d6ec5a1ade63ec026f77386f40055051b111aa749015b209af8a8080d694b947ba46c14c2034be5d6d3db4a167a289aba4c0d0ea49f7408804a293b1dd175a9ea81682ff74c0aea83f8abb1b4984ece53d009d53a4729dc9099d8a90901368faa54a3703347670a5103aee9d0ec8f8153a01d90069aa68bec9a00165037a164a48badaed00455a3a14f5ea74468420004abd37742faa05f74f7b2e50103d88281afc52d2ffd14af453a074fe5144a42ba0211f54d0036b7369f5286ec6afe6829dfd806c508428e8248ee9f4480521d22906e91d140291481faa34ea9001ba136983a0290d88ee98dabb68a68452aab2a435dd2d7d94481d20377d4a2d02f5d14e844852082904d096bd764ab7ec8b4f4228a41168d1303549bb1a45d835d745225ccca3ada8fb85205b1b8f983d24694362a52c62377287892c02d70ea140813d3a2400d75a4ab54f945135aa8e8040add03f6480d76014bb8521122f7d131f249a08bd93aa36a3a9ec0952696b46ab4eea624d2a14981a20fb1fd504411677d93046d498b1dbf745269010404003a20a8e84797dd4abb14ab5aa09eea742246a9809e9683bfb26846b5d931f3283b1d4a1aab42eb699d4274856d05ca3b21086a8d07400d124c25d53418d504740822b64a8ff9be880db429ec98d023f6ee823d0fc131be9d8255ee98dcfba9d00fb9a40a037b46a93aeb416818ae82d076f9a4dd36dd493415689000ddf452452811d06c9809d008a40b6040421013401a5fba06db52634b210e36eb3da93410d909260689a193ca944066e41e57372ddea4fc161691b03613ad74bdaaff0084f95340a4abdc297e5513cd7a6c9206dd055a437a40ba4a89bb4d092022934d045308d3aa4090286ea43491aa6deaa02a080286e13ea8235ea810d8f64c512808a40729037d8da0804dfec90098d9340423a23a7b29d042ab5298b052bec41f921468053dc255f13f04ff00fa87c534224e8a405a5429014c0ced44eca21a3b2606ba27d5468468f4013e9f04ebdd149a0931b2474e9a7740aa346d340ab05013f824020080754eb4de924be65015df54c6c81b205da6830524a8a0bb4d95833bd1d13e8a26c176fa5209d8280008041e955d54b70826c574408a3a6a801080e94956bdd4915aa05451b559d91aa08b080b1740da0fba036858dd2010306ca35bd350868a4e902d7b2354c69b2409075400dd347cd080280994859db74024115efaa601a4074a08b177edb205f7d52adfba0131b20681080a494aec5754a90012ea51b752981a7708224a90d923498d90247275b4d002040ee9ed6903a6c9d140803d4a7682840ad09d25481a101034406dbe890bdf7099d46baa42eaaa9487698aad94691ad280d2d36286ee98dca04d005902d21609b52090002029147702c290200d7aa8904ee81837d523ba61080212d414d240c1d0a06a9520203aa34eba21142901d344c683540295904d040ca0249808048b40e94996a7ca5021aec952600ec8d8ea34406b61335d92ea8ee804520835d9000e8e250098090d13e88177dd096e77fd5480348123a246fa1a4e881a828047440f920e881009842680aee8a098d8a40ef681262cfc109ec8172e9b151add4be68d069b8ec810d909e95b5248181d91aa3608081d14b771b148b08bd10223b206c98aaa49014ebe9484107b94a9048a024514500420260a477405213053d3b208a7411a52481edb22cd6e87744b987c9008a4377bbf4a77aa048d7a268a411169a60200dee902ad3609a1a6ef44ae8a0650daa3683ec802b7d900364a93f86c8175b208ea98451ad900577402636487540280ad502cfe14fa237411aedaa039db2635d9303ba00b8f28babf640b3dd20374341a406a11d11d5301021d508a526b0b8d346a76d50453a4cb795deb14e3a576486e81213ad53a411035d02913e860aa206baee8aa51af608040ea9808aa250241d06a994375dd02bb45ea98d761a29501f3409dbe8911a2652009b4081d2ab54275ec95125031f04a81db752a006a115f4ec8205a75d531a268d3e2501d3540213a3ca0915ba06db2008b1ad69bd28fc3652274a48e807c1014912ee82fe4a41225c80bd12e64d3e5f82080da9486c901f552a21045a9f2a020ee823ca981a6e53dc200282349d685154a5450477dfa6c7ba9103976ea9015d76db4d9175b1bf6a40c6a3fd12a4c3472f6f82290245a2b5de90396ec1d7b2037401faa0575d1140ec7540ce82bb28b750a5f1a4ad03f8254a4d167f84106cdda08ec959524a89142ad04753a5fba903a234f9a62ab4a411a04ee99006c956bd13a400d91d114523bea483f040f6fc2806d0092840177b22c523a6c903dbf17540c11db745a77b8add3034409203d5ed7699dc26102baea754120e88bd692ad5016a4a2993e9d5032a36a4dd8a8b45b4a039bd9049e88d900a01a77e6413ae88144ea8a1d10481d34513ba7d0a06e502ba41bdd3ba4afd900353a68a434481d0d69dd304520445a413295d206108e880816f19f8a2aca757f24af540e8a6904d016a3feca7745006aee5dc36ca00fa13b45d8b28409c9143b640210309923b2883ba75af5faa03a249a2b4d503bd34f925af51a257d868a4068801a22ef4053d945c343f2412a037a4b43b1481a053bbf8a0435406d764c0ff76901aa00e9b55a022bfbbf12481822f5d933476d42446834b480adb4ee8243e0913aea8af7b48d58407327cdae835eea400a48d0408fc894345b5010742810d2faa76805340ad009ad2d351d100d3eea497c93e882250d0a436480eeed502e53684ca1021b688ae81341f6dd001ae3a13a23d8a051d0ee9d01be810468f628a35a6e9f5dec2093d36408070d4a47d9489d3d2744c6dff6411656bdd309dfba5d50351e5f6534baa0407620a0377ff552ab17a7c12af8205499f64cec9020202856a901569fa7e69d1ea504531f008210d408a0736aa45204d6bb202be45469485558d9216d25c3415afba01a2af9774017f1537b5d13c364203800ea1d94051a27428152974a4d4501a56c81d51f14dbba0025aa7a27481102af4510df82997239afaa0880993afb27d103e16823d69bb14eb44fe4840a91bdd7ea99d947fde880a3d76411ec8f9b8290efcd7482348a00ea9ff1b20efd35d501491169fd508014d40d414d08224236eca491d9002fa246ef5dd3adeb748a02c6c96e74a4d834f4ea532dad50202826869e6b475f6ea8048ea34fc5d534b440ae8eea6397a051211a200a7b0423a200e895a2a81a163dd3a40ba262bba021023436dd1bee8aa2806ca0293f8229155a840ae9481b1aa881aa62efdbaa02b529d209a1ea17d91608d052043440486e517f141204f441bad520411b94c6c810d9226ba27b1dc27bf64081b6fe1434fbda5b0d022fe281f4d52f9909817ec7b94aeb4ff6503034ea9969af4fcd30491768048411d8504568a4750a34806b46e8f4a35a43797b202abe0a513cc6e2ef2d92020b69e34ff612a34803bee8015568dd2029340931b24d1a25af640d1cba754045a003423620e89a480d0bbf08d7aa37f927b5dfee8bd3640b6ad2ca634d06a98db640dfaa0838a6354c840dd00829f4511bf740d45d5d548a5f3400dbd3f547452d7a6c958d9020690840081b459b488d4a612075ad502db65205bf98688ae5d01d3dc255bedf440c8ad5bd3a2576dbee8e9b6a934760802901a291af9a6d21ba9b24ef681688a49a9ec8180109b75d1445f2ebd74280eaa4a2d140eff445a075d923a260ee804de8823a935b12a400075dd1f974d4f529209248455a0636dca05f5d92d91d28dfd10084d2dfe282235b5303b2405dd0521a6e822410754eb441210d1bda05adf43f140d46a35f64ce8861a400048d4a35028295a4816b5aa88dd4aad368e96823a8bfd93df63afc108ea502459ee836983ed680e8923aa45aeee824364d45b7d53b4010937445a0a091296bd12a3d5486882251f1d4a6420120208dd1d36530d61176eb4026b545e948224937d7e29823aeb4974aea9d5d746f7ee501649ec11676b411effaa011b75ee80df4bffb229000d00e9faa08de88050011a6a402024c75374f49b521b9d6c7c5024b7a53176146f417d90052a4c6a11d1047aa90aad77e890ea98aa400149829388f8a4d16103b1dd2ee9f2fd126b7440c247e4a4d14121bd743ba055a74f924011a03a2913ba00b0822dd934ec7740a3b140abdd2f8a96895205ca07bfc93a5209d7b1fa20c7aea10a5bb822ad021d10a5b0d05a7cbccd71fedd8291002949a0f6af729814a7a72a811d36517eea41bd692703ca86d0bd142f553ab4015ee801b21345a0407640d2d3d8688df74080d0a2a9149f4d903d3a256801080bd10d344df540a469cdba040e83452bd35d0234b59a2843da5c013dd3630122b748374041595d1d0e60d23e2a04104f36e810d930123e9345147ba908fb208a4c0a25236540609f64e92098408023aa675dd08a411a15d53ad0267d923a207f1d92a1d100a6102e52506ef5eaa5f3a489efaa000ee6905453521a557ba68b48685763aa351bd21bcaed8fb5f640dc93d0d2949593a7ea91baaabb4dba129aaa09bdba234add351a3d90035b3a504eba77487623745202936ec8e890ba40cd8ba49bf147bdfc91b9b02903426122774055a06829168046a3a8dd03b3d923ea3d42134080f7429514569a208835f2520ef7401faa391108d512807aa9060bdd44fa5dec89487becb2451c8fa0c68a3d4953c28fccf51008ec55f606234d12286da6aa9965a6dc5c5e774a88f86caf16481f00b37f84484509394fc17530603390115f55b3270de7039011eeb9af369e863f0649db829f1278092f36d1a585aecb7328aedb2f86901cd736e88e8b99cfc330b8bdadd2e96bc7cb327273fc6b87715a4765153abd541c2faaddc90d23a94c69d521b9b44e8c268e9a207ba20743490b1d53404059ad92a41f645f740dadf6bb59238fd643453ff0031bd1458795a5c0d569f1597180e61a5169faa54e336d987136e63eaeab763c5681647fd964c4f572923ad2b06465e69acb2b9b2cfb76f1f0cb14b363728dac1f65a19113a20ea1f886aafb2e378d8500ab324100872d70cb6cb9b8fc556e14056a3a9eca549f53181f0d772a009adaa9691cc6959ec500ea9a0402959e5be8a34754f5d4744001dcd2447b84ef441a40acf5d905035f9235ec80b23425304200d3d4901ee8007b8469dd3a40081697a15268d101baa9f2e8a5688d7745298675e882dd3655da50228000d8ea8034d7e4a7cba58457cd4ca863207629014a6544fd14a0876413a6e8aec6be4816142085dfa6be8a46cefafc9224d835d116459add031a2094ad1a1ef68135a0da7b6810341aa101af628d8209095a0609db641d7dbdd217440d8a2d04c3456c47c42406bd693f30d6a2d20e69fef40cda901be895d947ec815841babee8f4ed453d41d74ec868869a1dd22db757c94f5294439a4155a7ba8a49dacf87427918003766ed5be2c8d63da2f7d3d96be0e2c9911f2c77bd9aedd574180ce18d99914ad6495ff009a7d24fc9736793d0e1c75369634104a2fcf1cff00d80eaaca38e587f312d02c68a1c3cf0d8f38b3018d12d72d8362fb0b5d2304197886a30d733434efc5ff0075c99c7a3c79dd399cb64ae3a0bbde972bc647e26c9a11d17a066f11c58f1b971e360782757755c5f17771195b23a4e1a0c447e3685af0592b2f9196e38d9472bdcd1f15848d4e9a2dbca0448ddc6bd96bbc7acd552f423c5b3550ad740a406bec8a3ec81a0280006b4504d22fba0908a806f646e9f4482000a4c004a441e8136fe124e877281bf9794368d8fcc3aac98c791c43b735a0d53f247ddbcd06c9d00f759711e616b481ea769a6f6a9977133dae7032b0d9235b349cb5a6adeabb8e1fc3b1df1b25e769696ddd85c43041958923598b72c239a59180fa35ad56ff0002cd7c13fdde790b6302c5775cd9e3bf4f438b3fa5d716c1c7c685f3bdec63003b1d5c7e0b85ca99b313e5b25d7d95de7c9367f1031465d2b6f468dcfb05a39ef8e12f8606399332ccd096df20ef6afc5b8a73e5be9cfc8795fb107dd45dabb4d8eeb6241e739bdcf65ae74246f5faae8c5c7a143a6c80981ee822959508fa2138aac8711a0bb50265942e9602b764c795bca646be30e6f3b43dbca4b7a103b2c7c9542910c041a1dd0083a2ce19dc25c9a9d28141874d42542f62b216fa6c2c746d08977526d52406ba9a536b6af4d92a64d800f6db7538c175002ef50acf07861731aec80ee576a18dfc4e5658bc2e592197ca84820f2b791b7f35965cb8c6b8f1dae74c520ab69a418de3f131c074b5dc9f0d643e68a16c2ee6000738f5f82cf1783f2e5718b908e5712798ebcab2ff00f4e317fc35e7a5a40248b480d48ecbd059e109b231f20f2873db2593b728a5c8e670b971fd618e01cf2ca235b1babe1cf8e5e95cb8ee2aa20755123bea5677b390ebf4502d234ba5b4acd86925940ee74f82c6e1d9481a2efa90956a4ec4a9334bb41148aa246a952650800093b744ea890900398175fc91a02689abea811165140774fea8241d34f8a05b6e983a1d12a0130810711d13d7d93d6aea91b2088b1ba2ca9256824d22bd44df708201fcc4fc944efdfe098140a0946d73ded63012e26805b12e24b89c8ec989cc12572386c56ef84658e2f1370f7ce0160935b162f5a5d0f8e387c9c3e3c58e51cbcdeb6b2b6bb2482b2cf2d5d3a30e39961e4d6e1d3b863ba1801e678ab1b85b78dc0629246ba771e5d2eec1f92d5e005a073822d7571bfcf8cdb4d8d2c775c9c99595e9f06132c355cfc784c8325a709b20f29c5cc91eef513eeb723e232b237005ce3cb4ee5d082ace4c36c4036527cd9896075596f75ade1e9b81cf264c4f872619e2240121d5c6f754c6cc9b6bc26a2b3876739fe73042c392e1e8738e82ba01dcac5c538e4a0069696165349a2d01c46ad20ef5fcadacac4c21c4b2a3e1f387d11f845b9aedeefe4b0e762373602f079a5d9cd70d6c68b4c7c6573e78656571fc4795f9af2dd1ae3cc0745a92816085b9c46fef1ca7f20e5a0365a8e1cd18d458dd76e35e4672cac60ee12ff7ba6da25046aac8d8ab493e8910510684c0252a40016ed0d151249dceff00c1522091a100a34aabf8d20e94e270d1e0a872c4dcd9de653a303a93bfc296a709c36e53982478880f50781a858b1b2a19b874f14f23637b45b5a1b5646ca7c172392b986bb552cacb23a70b8daea4c78f858ae8d9279d2bbd45ce14d07dfbaa481c65ca73dfcde6136686f6ac4e5c2fc790380b2090df7a5abc0f35b89c4227cb8cd9f1c06ba401e6ebb1596ad75dcb09a8c0d71c7cfb16c901b63c8dcab4cec16e662ba6f39f1cd5cae616eedad3e2abb8d65c79d9f33f1f19d0c03d4d05d47e4b65d9a46391ce799a2afad28b2cf4accb0bbda8e0c780f15c58320b9b007fadeddc52d2e2ac863e2790dc6d60e72233dc2dd6132e4cd30218d8c5d917ea3a00aae579748e2eb04bbaadf0dc70e5620d3d93249fa764da3d4401f0565c2b85e5f1390b30e20e0dfc52134c67c4f45afb67b56d1e8babfb2fe11171af1662c1998ed9f0216ba79c3ddcad0d0342481a0e6a5b2df07c30b59f78c996798ebc903435bffd475fd16d70e825e0992fc8e1706743311cb6dcc00b9bd882daaeaa15773e3af086266617f89f16c9762bb18caec999d4d7101971c4cbd0b46c06ebc3dbf801d8f41d97752f1f9e4e1f9181c4b23881c694b9c5b930372835c7f383a11fc5ae6870874a3fe07271f29d5423e6e478faee7e69d27555676d374ba1e7249f659a6825c79cc53c4f8a51f91e28ac74097006f4410028feaa0e6debd7d96623d57eca17a9ab089638fd4e208aee69765c23c2b943840e2d9b8ef8e2739ac818f1f8c93bfd152786708f11e3d878c039cc2f0e9286cd1a92bdc22c8ff18e22dd5cdc583d10c75e96d69cdf1fd961cd9d98b6e0c3cb26b70cf0735d8f049342c6c8f00ea68b42e9307c3f878ee05c01772f2fa4751d56f44d263d2def0287b2de8402c24d02074eeb83dfb76eb4d76e363f373b6117d491d7d96865e1c6e98c9c81bd7e2ac1ce2d246a47c16bc933b6737454cb18be314de4fdd659256b7f1fa5da2a5cde1f8998c9a2cb85a5b2bf9f986843b6b0ba891e483e9b6aa3e23001cc1834debdd461757a5ae1328f38f13783e5e1c1f246e12c27d575d171d3e0c82133c6c258dfc55f97dcaf71cfc87cdc3dc1cde78dadd4755e579313b1e573db7ca6c169d03afbaede2e4beab8f9387c5cc39bbecb11dfe6b6f2a30c90f28a0755ac3a8adf45d92b93ed8c9d7440f74c8164f7d50a5054974d94b71a6a9568884509915a24112495fab4b2a7490e6ba154811bb40db552f6ded1f140bf2fba635250450482068af82499b406c74d91b04510364069eca44e07f24cc7eba10745db7891924bc1317232b279a6f30b62619399ce61d49f60170bb7bacd88f3cfa93a6d67659e78795db5c393c71d2ff863f919da8ecbb5e0f23590f34cd3ead40eab89c3d432aacf75d870c6838f1798e25d441a3ad56cb8f9276f57e3e7ac50cdcf9b2277b6106574645728a0d3dc93d560f3b25e6493319117731b2e0091a55dad5c88729d23a391e59103418dd0574bee567978767430b6464ad7b4b68b6931c269a5b965db53867116e04f1452451c6c8dc4db5bac97f989561c722661ccf92279a90073794d583aeab9f946a609d80976c5a6cdfb233b39ff00e170c53baded157d48055af176cff378cd5619a2c7ff0005e2bc4257832f9cd8618b63645977be8b9a79bba1436beead38cb723161c4c1c9606bd8d32bb5dcb8debf2a5542e8eba5f65d3c7e9e4f2ddde8ff002e9ba0035a6a501234b466058e884ebe296c80e884202000077dd1d7ad20689b41374101ca37075ecb731001113b116b51bddc794f4b59f124a041d41d2ebaa5f49974989defb68bd0f45b38388f95ce0cc98a271d7faaee5e6f6b46016c41c2f476e7b2b11c4df88ce4761e34bffeec7649e87e2a97a6b8cdddd5565c73c73f397b2420d021d63e0a0ec873cd5924eeadf3727ef11078c48a16d57a194aa640d1397682875eea64da339abd1e3e73f0a767a04d1b6564af89e7d2f2d36015a793299f22598b1adf3242fe46ecdb3b0f65194f33c93a51d52dc68a74cb6b9f0a7037f1ce2820638c713473cd28d79183f92bd6f1b060e1d8b1c184c11c2d1a300d08ea48ea7e2aa3ec7f0a21e1dcbc9a0659a62c27b06f45d665454c2ebfa69a760ad1453ccd6c843436c3a80d36ed4b1643f0f85cac64f17df7388b7e2d811457b17bb724f61f35b9c472870dc29f334718232f634f576cdfa2e1b843ccb13fcd73a4964717bdce365ce3bac39f2f1c7a75fc5e299dedd53788f1195bcad9d98f15690e342d635bed6412abe5f0960f1090992196290ea658cfaafbadde1a633d46a295ee3cbe5b74b36375e75e5cb7edecfe0c24d69c0713f0e66e030c78792ce2306c71f31a6da3d8ae573f1628ddcbc92e0e49ff00c19bd4c3ff004bff00d57ad71070909713a72ddae67372309e4b1d24129d8b64d574f1fc8cb7eba7172fc5c2faaf3c9237c5ff003185bad01dfe1dd40b48be63b6e06eba8cde0d8e63e6879e20ed4341e667d3a7c952bb05b13a412c8f2de43c85a3f37bfb2eac39665d3833e1cb0745f679ff00058fc5b89d974ac6371583fccf22d7a378688860631ba902ddf15e55e1a8e48f14cfce7ca396d6725fa49009bfa95eb9c09b1438c2495ed6806cb9c6b42b97e46ede9d7f1649375d3e235ef2007117d47456b0414394dd0efd553f07e2dc3df288f1e763eb7d7aae9daf639ae2d2d24eca9c78cbed7ceff1acd87b8145609f1872975557755de27e25c43118461b5a5c4728a1747e1dd72906078af8ad3b8867b30a23b01bbcfc06ca32936b632eb6e9a69f1799d189e3e7ed7a95559a0c6771c87a8d54a0f0ec18b09972b34e43c8eb55f2fa2d7761e9cb8e4d1e81c4854b8e9ae1dfb10f244f0e0d0fbdda7a85ca78bf8188b206462b6e393d4057e13d974ee88b058d5c345afc43204988f8dc45b88007555c6dc6abcb8f5b78b716c67422dcc23949074eeab88037ab5dff008ab8449e4e681fff004ed0f277bd7f55c051d745e8f167e51e67263aac6e14140379b7596b5f651aa256cc91e5adb54afa0ea54c0b51037ea882eea27753ad12dba2088429a8d5a04958d53a4c03dd1311bb4f97b52549a065a68a4012d24e890f6241ee14838bb477abdca08e9437d53aadad1a5015b27a107451d809f9159709a1ce241d7e09443d40016b6f1210d93d1a176e0a7d271eee9b9812f96e1cc09a3d1751c3b2b422f7d1a09dd7293446321c0d37ae8b2c392e6d5b890dd001a52e6cf0f276f0f25e3bdbb88a16e5425f21934d072ee5619f861869edcacb6d69bd83f255bc33c4adc46801a39869ead958f14f1563e54518635bccd6d11dfdd65e194e9d9f9f153bb1e3192e2d79786fe63a6aa8f8ccc1c5e0114340166cbcce5925a20b08b25a740a8f264748fd2c0efdd74618dfb70f372cbd42c9c8972a433644a5f250164f40b1b7b5dfc1035b175fa2003ca56fa718166e804e8eb600f9a5637ad3b21bd77faa06468a2a40e975faa5ba01a13d92bdd207e21032803dca288e88355b6a8321758e5bf49e8b6387b399ce0f6dd95ad1c7ce1dc94086971b35a0567c371e4688cbc1026673b34dc5d5a8be96c26eb14ed762481a29cd7fa87fa2c873c3dcd764339b9468069af45b5c4b1df2e2b646309731c1b55d1567239a5d6da037b55c6cabe58e53d3665e212ca035ce3ca3a00b008f9da5e7b754a18dcf36069dd6d860f2cb6a8ab6e2b37f6a773482ed4ee981a585b191096495202cb1ccd27a8581adf49254ced9bd3bec678e4318cae09904b6495fe6e3f671ad5bf15e8396d22221e0803db62be7189ce8dfcec7b98f1a8734d11f4d6d775c2bed2b8a63e3360e278d0e7c4da0d79f4c83e637528cba747e3798c7e1fc967e16ba48f53dad73be1d6454e2656728dcdecb538ff8be1e3987f7187873b1a495edb7997980a3ad05ae785603581d0f1291b2121a5a5ba17f6beeb1e69e51d1f1b2f177f8b8f1b0b0425a43b7a3b2cd99c561c00d748d772ec2bf35745c8f04ca9f0b2e2c69df1bd920e68e469b0ef6b5d6712870a5c1639879f21c29e0ecdd765e6e584c72edeb4cee78f4a7c6cacbf10e4ccdcb97fc3b86c4798866eed76fa29e6f0cf0fe346581d039cf0492e7eb7d82d7c5663c9c6209f89e1cb9781138066345a0247e67775adc4bc34e9f89644d8d088e190bbcb8deda7b438dfa88deba2de5927558f8599768c3c359112c8897c241f49d7955171dc6fbb93ca06bd2976b8f8acc288460bad8d03d5adae6fc4b1074a5afd8e80a8e3cbf6e96e6c27834f86bc47e1c82403fe5e7bec7fe81bfcd753c0f80f17f10363c9c9cb18b8b20b3ad970d80ae8b91e0fe54dc173f19c487c592c95a3fb81a695e89c2b2f2d9c565e13832c3e7b581f1ba67546d6d581f1f65b66e4e15cc1e166f0e7365872649656d11434aecba2f0f71ae79e6c5c905b24649d7a85cf7870717c8944dc5ad90b2e32438539c2e9cd1d00b5b1365b25f1031adf5b9b1f96640dae670dfe4b1b35dbaf1d59a7459f90c9f3a3687535c6b9ffb7dd69f10c07bf3d909c874500d1f2c8dba3fe550c821c58d757cbafb29c0c7b8f33df211def655dc5bc2eba7319385e217e63e039b1370a279bcb6c76e7b49d057b2dff0e63e6e34b23b2a58df0f3535c0105c3bd745d202c91a1a402e68d0951744797d2d35d95b2b2fa31ea76d7e278f198cc911144ecb8de32ff21cd9bf235d521e94745d7ca3958e69dbdfbae4b8f30bf1a669161c2b5d966b4ef1acaec59b2262cc6c6748c7c3caf95dff002c0fe775e61e22f0a66706c5394e9a0c9c7069cf8093c87dd7b478624195c13031e5e6682d3ce1868b9a3f85b8fc4838970fcfe152c31b1ae05a29a3404687e4b6e3cec7365c732c6be67ea6d142b659268fcb95f1937e5b8b6fbd123f6500375dd36f36cb2a0e1634d0a8f2b834902d64212177f8b452ab1d1ad692eaa4e041aabb2a201048280e8847523f543bd248ada82012d89a52d75205d245a4006c104d576410a472fba777d12014a4c04b63428fc14db1b9c3615dc9d14d8c60d1ee3a7f6a8430eb646e54c374d373dd667796d0ee567256e6ec9501add0d134336145e649c9ccd04752745bf851d4c43eefa1a557f9bd3b01a2b1c5ce7c4f0656f98daaad8aa652e9a715c665dba08f1593b7cbe5bd3b2a8cac092095c059f92bde0fc4b0257b4f9cd85fda4154ba2762c19acb8fcb9456ec7836b9a6571f6f46e3c79cf6f3d0d95add612e037202d79656f35f2538765dae7f0773490d12b01d74d16ae3f048daef364e77380d8eaaff00958de0fa95c87dd9ef6f3c951c635e5ded684dabc9adb45d5f1885b107000d7b8a0b9576eedf536b5c72b5cfc98cc7d316fba906d6c91ed49bafb68168c4af5b09b46e547a8f74c136ea074400eba047c82601fed0991d4fe8822dea8dca6022892811007c9303424a08d5486bf0403436acd69afc57551e286f03f0f65b794b5d1bf1dc45d891ae268dfb1d3a2e65ad6861a69d0dddd2f53f02e362cb8fc3f0fc41891b608b7190e25de4c9f80c606c79baa8b370996ab9965c523fd24126c87753dd670d06f9d8da3b8a0bd8b88fd9470c91dff0b95938c59d0d3c7d48558efb299c59671884b7fcd09bfdd61e367a7763cb859dbc8b361e7a0d1a33b05a3331c5ae0000dee57b29fb269cbae6e2f186bba32137fa9565c3fecb780e035f2f127e466b63617bbcc3cad006a740b4c7fdb1cf297d3c0389e3bdb8f872be3731b2c36398df30693aaae7349354baef1ce2e2c595872f0e6c51e24de6be289a5c795bcfa020ff0016b98adeb60b48e76b3a302ec6e87135436599cb1bc763aa0830f2ba3d74e6fa2ec382e44eee09270b10b2c648c86648753a376da77d171a74758eebb3e06e07083da473f2d33dc95972dd46ff001f1972ed3ca91ade23810461dcb04619445d6e687d4ae81f96d8b1dc653ca451e53baaa8e1763f1587265c376441113cde5d123dc8ecaea6cf19cff3787c1878443359329bcdcc47f6b3bfbae3cff691ea716530eab6b86438f9f84d9f1f25ae7b4f2c8caa700acf160788cb2591c3a5f75cfc129cacc8a405a2611d492b62f2daf37a53574ed71763b093ad6a7dd61e176dbce2b73f91a6400820681725c7002ca26c8d4157dc4dfcb2b85fa4ae638bc9cf74740afc535587265d2b3c2f4ff103a122dae1afbd1b5eaf1e04678d4b9218d3e7b19cde9ec1792f87e418be2bc5328f4bdfc9a7772f6ac03e96b87e26e80fc17572f5db9fe2eadd2c0db31dc2f98d68074ecb5380f083959ae7ba42dfbbeae17bb8f756d838f6f1cda8d151cace251cf2cdc273f1f1b3d93164f8d90ce66c82f423dabb2e68eaca7f17dc4f0208a500e535849f4173c0e73b902f7e8b6f8235f3473c53802789d46bf30e8554713f0f338f458b93c4d8c12e30b8dadd9aeea42b4e1127933bcb8bb60cf56a745a74a65d62de762b6af96882a260d1c79a80e8b784ad959e92dbdebaad69c7a8826af44b248ca657ed4fc45ad6477567bae478a873e178dc3b4a5d8714ff00965bd972d9cd21840dce8b26f8ddc745e16643270de1d106913f927d6dfca01d2fe2b43c6bc559c3f8666e647e9c98f1df15b7a92282d8f0b18870010cc0ddba9c5d56d2ee9ee179ff00daff0014116341c331a5e66cd4e713f8835bfc2db8f1dd636f84b6bcb00d5f46c936530774c501ed7b9488d0fbaeec669e5dbbbb44ee522df752a49c14aa8bac34fc12d79751f352a27bf6a4068e6bb234a418c36838bb41dc20e944d9ea549c1a5ce2d0402068875d51d69021f9b5e5bd764c387200194ffee489b22f401302c39c7a0b2831d57e2f82936fb0595acf4d916a61879a801a7babe95db5dedbd4852e5a155a2ca6ac90340a27f01d77eaa346d8dd7cb43a94afe8b23083136c8b37a25a121b4798e8056a5128d7a480688dafb23cc77e6041256ec0c18af699631364169fe993a347bf73eca39987918cd6fdf71a5879e9cc73868e07b7751d7da5adcc0ee07cd65864744fe680ba2777638858248f95f4751ee8163406956c9eb49f2b3d55b378df1263406e7e450e85d7fba24e35c465b0fcd9abb5d2ab1646e12739ee769ba78cfe2df932feb6249a590ff564924b3f99d6b0f945c1c5bea737760eddd4f01ed6ced926844ed659319240f8923a225c9323cf96c6069d1c1828387b7b29f1fe2972b6edaec71f550dc510a2069ccd143b29c8d0c7b1ecbe43b0f7ea11603a9a4721d511b633a6a7a25f8b507559e48c06d8d5a74becb111cba6889842fb94c5f729c4d2f7b5ba02e2002b2be2731ef6f56bb954c4b151406d5acbc86ac0b0a20127b6b49a4319481ae8a47f111d921f8b51a28136bb42d1a15d0f87b3e78a4c88e4927998fc7f2c40c712f928db58d235147d5f25cec66e56022acadf826971728498f23e3998096c91bb95c06d56a7e90fa73c21e2fe1bc4a3e1bc2b273a33c60e2b1ee68d03f4e87bfb2ec9acabb77e8be53f2dedc18b2f868820cde1ee6ce7ee76f7358fda47bb615dbf9b5eebf663e376f8af879c6cc7359c6719a3ce60da46edcedfe556c5e576b202e68dfe0b89fb47f1563787f0db8063f3b3b88c6f644c0fe56c6caa2f71e9baee5a79798bcd002f7edbaf993c71c5a6f137da0e6cb881f2b1b78b8e236875868abd7a136544f65ae6b8ae4327c5c0c71e7876346e0e6cafe605c4d92cec0f75565b409d74563c5b24e4f1194c8e790c02261780086b4551aecaba4f4820511dd5d541c7b2c4e177aa0dd9a1a25d0ee3e4822edd5ef87e6a8dad3a807969521d96df0998c521db554cf1dc69c795c6edd0f88339d2c91e36391e63b4041ad3a83ec9e0708c8c811ba59431b1d86bc13ea24eeaaf19c58e9257339a47bf91967f0ae871384e448d6fde25e464a752e900af7586a631db85f3f6de831389630271a78f35c0dbe3b21c7e0ac382718192258246b9938243987f2d2aec8e1dc3e21e5e065b5d2b7f346e37f55118f1f0e9a29e100c8585b2891d64df5596bc9bdbe0cbc5a7239a303d405592b99cd9db54e3a9fd164e29c4bcc99dd5a36a54f33f9dc4efaeab4c38e472f2f34ac13c8f8b2629e324bd8e0e07e057b3784b890e23c3e19da6cf2eb7dd78a4ee24176cde857a0f82fef3c1f2470dcd6f219636e4335b05aed452b73cde28f8bc971c9ec9c3a411e3873dda3413f154f2cde6e7c797300d1182d6f42468a7148246471b41a756a3a2aff1032539660c66b8f3007e14b9318f430932cbb748fe398e0b4f302caa20744f1f3f032657033376eba2e4b1785b29a679873937475a57d83e1cc677f51dea6761a5ab6e7d34e4e3e3c22ed911d1f8eff45ee35fd56790f375d428e2c51e342d8a2606c7fe54dd57447ccf550e2eb7d2ab891aed5bae7b88904b881f955ef152d0c738745ce65bedc07c8eaab669ae3e9a98fc722c1c18b1b23159362b5f2ba49449c8e8401a577bb1a2f1ee27c432389f109b3335e649e43adf4ec07b552f4de31c1bef5c1b3192c4c7487fa8cd3623aaf2b70dee8b8750bafe36ab93e4db3a63f5136ed903aa90040d6cdf440abf502174b8e9065dea12fc26b42a5606c52e6dfaa2a5760a8802f6d548754aa8a008f651dd4fa21a0869357ad001063aae88037da8f4595cde534563a4194db839a3f10ea1646d31b44ea7aa8c443233e9d49a4a607cbe671167414b455003971f5eaebf928385b6aeb559aad83db4585dfca8d86ef2c900b9ce206a18164648436b1c08c8ebbb941be90d20916d5919636357b9526d2c470832592f96d95ad70f43f63ded58f88389e16762c1170fc39f1591bcb9fe64de6593dbb055d54d6d6d5ce07c545ce3e59693436a0abe214ed1e563bc6a5cca3f22b07283d06ab3bf482007b38df7ff0074b1b34b054d3163668f20fc912e87dbbac85a1cd1468859216b5ef63a407cb6fac8bd5562c3222107f4048d73a839ce69d35e89477e596d8f6a093352e2efcc760b2f296901a05ab455a6d16e2c79d09d0f63dd45f6d2439bb68b24baca0117f0591dcaf639af772bd8685fe61feaa3444184334d794f4add29a2e47d8be5ec5277316876963f45b30c825672bb57150b46bb0189d1ca1bce1a6e958633d9999339706c5e6eac1dcfb2d2c73cb33a37fe1d827237924a07945db4f62a7d15679386fc5c30e945176a01ecaae36f3024d686d5df0285fc5e78b1725d2806c17b35bf99d00ee4ecb365b386603e58787c272c901a269cec7f310d1a7b6a96931b66eb98fee37d523a8228e9f5573c3780667149ddf718c08efd533cd323f62576dc17c0f850863b2c3f3a4ddc1d71c77d801a91f1a56c78ee5e98f2f361c7d655e738f1799931358d73dc75a68b5610703e2d230f978390fea1de595ec587c1fc8672e3b23c66f68581bfaeea6ee0c1df89ef27ddc5693867dd725f9b3ea389f0f63658c47e1713c3e221bc8f63218dad858f63b52e91fd68f45cd70ccecbe119b1e560ca71b370e5d0d106fb11d47ef6bd525e0ef66ac9656fc1c554f15e091e5b81cf84cc47fe234863ff00faab51f153783f9538fcfc77aca3a0e3ff006a38b9df67734f8d7071b96b15f003ab09d0bc7f94eabc8bc3915e464e418a1923c6c791e4cb2166b440208ddd7a8077571c4bc3d8e19ff06e96092e8b663ceda3ee058fa52c11620e13e1dcd664465b97347cde634798cf2f9b9431c068c36090e2b2cb8ee2ebc39b1cff00c6b983b59ab20026bea5639806c76e5618386fc8ca646185e3980218753ec0f72ba7e3478770681b8d85858a734106691e3cc119034682edcf754bd3a31e3b679382d985c01a76a0d6ea21bfd32aef37266e21cdf7a98bf9c686800c76b54074e9f3eaa988318734b4d834537b56e3a414002d3609b3b29b8d1a513aa8255961e4b2cf9a051a235d8ab3cdc7f32181cdcb9267c9bb77a0b9af850561839c71c9bd4d5023a2a5c77e9ae1c9e2ef38045c33131af95c5c45b798d9777543c7b25b24ef735c086fe123aaa77f1395ad89cca69682011eeb565cb7480f35dee4aae1c737b5f2e7df493e5b7590b1c7fd57d36ef658dbcd2c9cac0e24ed4ae703139087685c771d6d5ed919632e4d4cac7ff81f4b680d7657597c5dcfc1e0199cef7e4c2c7e34ce0da0c6b48e41ee691938d58391ce416d122bf65cb35eef2dcce778639dcc5a0e97de9566b26b678595ee9e1be28dc83092ff00c4ddf75d09699b21ce75558a21788f83f8c9c391b8f912536bd2e3d0af58e0fc5d991112d2df31ad37eeb93938ecbd3af879664e9e28d81adb607695600b5bacf2dbcad24edb7455bc1dc3ca779b65c5bd7a2da867880779a0ea74594c57cab701079803becb5f227ef76343a2c33cec68222759a547919a4c87d76edb942b5e9492fdb271699a627d9a1a2d5e1d89e6c9e64a3983b501648e17e4b819469fdaaf3171431a794017ad5acf7b5bd74aac9c502175b34377f02bc27c49c37fc338ecf8ef6fa39b9983bb4afa3b262e700eb6decbce7ed1b801cde1c7271e32eca80fa686ae6eb63f65af067e392bcb8f9c79400d2fa005babae8831b4017567720a4e0d7c85a2c74db62370a6d6c36685557cf55e84ede7584d899cf4ed34b24ac41a09d0fd16e35b0bb9b6d54f85b1aecf028726c6d4c515fcb5a95122cadbcb68193281b071a58797553a18b95368ad45aca5b5f14ab4a50309d77011f4595a2cd245a4123aa9137e8cb228ddad77b8be41d8745b190f8cc0d0d73cca4fabd20340efdd6b307236faab5aab30ff960ac52534d75526badb49000820ee81307335805f3510b306f331b647a8868af74991bdb8f14c5a4303880eaeab2b05ba33fda0bcff28232bbfa9e91601a07d869fc2c52fe0b0755653707cd8b059912633db8db87d835ece0365a25a642da365ce03f54defd1ad23381fd28ae846c03eb6562235ee3653c8a3992b9a7d3cdca3deb449fa3491bda8a9851fe243c16c6d162e47680f6ff0074996d81c8093ecad3127c2c49c0e2584ecb63e06b4339f90c557b2ac4ab9cc0d77a4826c5fcc5dac8cfc3fe6d96f7149b0278e3978763cb006936d965e7247b69a2d201a05b8817eeaf156a39bff10755075171bd48eab2bf94e41374075052e5f5904da0c64581aa509e57ea6964768dd3b2c241237a5148da9da001234596adac5c739b1b9c1b51b685fb9d87c562e1713f2e518cca05d64b8ecd03771f60ba4c7c77411c6cc489e4ed036bd44934643ef7a0eda2b6337edd1c5c7e7777d44f1b1678b1a4e1fc2a1f372decb9cb481cadfecb3f1d7beca5e1ef07e64b9ef938e46e8e00748c3c1329ec08b00773d3a6abb3e05e1c661e2f2e502f9c80f9de3717b307beff00a95d4c3811b1ac25a04869a0014d60ec07657f1c77db83e47cacb3b6613afa57e070d632368e4632260a6c6d14d68f61fcf556d063b58df4b682cefe48dec880dc5df7d765b11bda4bcddeb4a2f27f1cbc7f1e5cb79dedac22ec12e40b77cc1ad1585b4d0e27b2a4cab5cb8319e9a8e60d8f55ab95134309236d56cc849e22d875a6c45c4835449a1fb1fa2d2e23211c2721e090f8f475f715afcc6ab5c2b8f938d599b80c9197cb57ae8b96e390322c09b1f25af744f1e80d7539ae1a8ffd3b583a7ce97718843b84634cfe635035c7977fc3ad2e4389cb8f959790e9cb4371bd2587bf41f0eb6b5cb926bc72747fc67c4cb9b97f5ba93da8308b38361f98c1597237d163f003bbbe2568713f0e71b9d85ff7095cd22c00e6b9c6f5babb3f44b8864799c43998f8e525c0935609f87f0ba2e159b0f12fe80060e20cd3c879d1e7b309d41f63baa4e3994dfd3d6f9bf26e1fa71cea38484bd8e7c33b5ec7b74735c2883f05873a320b9c7e07fd5773c5b11b9e1f1e613f7816d8a770f535db72bef76e95476bf65cc0c4924f360958e6cd0d87348a34343f458e7c570cbfd33e0cff003e3a8a17573737e5e8a2b3e4c06099d1bb6074f71d0ac4d1675d96659aeaa347a2cd140d95dca656c6e3a0e71a286c40d752a55a1b17ec54a62c1dc0b88b23e7631ae8ff00bd8e0414a1e193b9c39c103dd6b62e5e4e3b088259236f60ed3e8b7e2f10712600064070f78da56765693c7ed75c1f80cb2bff00a7fd3ece22d5ff00f814381cefcb9a28a3df9dee0dd170f3788b8cbdb5fe212b1b555180dfd955c8f9257174d23e43bdbdc5cb3fc76fdb59cb8e3ea3b2e31c6f85e3e3bf1f878765cc1b44f2f2b2be3d5714ea2e2e2e344e8005945091c492741f5455d822885ae38f8b1cb92e5ed0005f359b575c0b8dcd8396d7090968d28eaa95cc22e895b7c30b3ef8c13b1ae638d1074dd3390c72d57aff0009f15c19713bcbe76c9b804f4560ee25348f6ba3711a7c42e3f1383e2c7e5f28e5db507aaec782f0d3a174a5ed3b02171e72477636e8c7de721c079a403bd69a2b4e1fc31da177a8dee7a2b9c3c08dad24b474eab7b9035ad0d0dd36a0b2d2de6d2c6c40cb7387a868b6dad05bae9f0403a1036fe54d8d2e143a24915db5c460176a482aab8b40d963319fcc6abbabe2d2375a19b18319aabfd556cd2f85efb70bc53c31c373f11a26c463248e5e5f3221cae21d7a93d57279de0430b79b1b22468ea1c2c05ea50b0cd248e3cc1bcd609db4561c13847f88e60047f423f5486bf16bb2d70cf2f4ae58e1abb703c0fec71f99c123c8cce22f833241ccc6065b437a5fbacdc37ec6e68330bf378bb1d101a79311b5ede62e5680dd00d805825249a6ec742bb665a8f3afb784f18fb267095cee1fc44eba912b2ff654f2fd99f126b4f2676339c3705a40faafa1a4c76ea28d0f75acec4638ea07cd5bc91a7ce53fd9f71b8ef97ee920afcb2d7eeb55de0ae3ec04fdc6ff00e9782be8f9b86c44121adbf60b425e126c96823e6a71c95b2be6dcee0bc4f0798e56064c63b86581f455e082d3fddefa2fa6a5e1b386d31cef877541c5fc270711b3978303dffdcd1cae3f456ebe8dd7cfae6be576ad22855d59408c9a0e22bfcbaad992cf9ae686fa3605d767a2c9c5f0df8d060ca640f8b271fcc8e46d81a1a23e20a943008e36c65ce045edae9f40b660f21f2064100e6b6874926a35ec169bc1f2d95f848d68755b1c3ebce0dae6df6f8153b185b2918d346c8da40f4f3134742b720c795a247b5ad7500c6f2b81dcdeab46225c6516073026fdfa2b07e5cc70317cef29c1ee2f37183d2b71f04d6c5bf19e3b8b97c3040ce0f1e2671004d941e791cdeed6f4faaa3c52c6b9ce7014c048d7ad69fbacd8f9a6271a616de96d92efe20a7c426865c17491b395ef7860059476b3a8d15663e29ded52d1fea7fdfc94883cbdd0cde81147ba9226a0c04b68023dfdd6c4921398f6c8f7beb4d5d441aeeb1e38f5802edce1d541c3cccb949d49724f48daf19990c9c3cb1ec939daf6b80019b6bf55863c98442e222939bf10b2d1a7d16ac519f266ee396abf558b1c35d7636142d5e22a4f7c0f9882d9458e63a03fe8a32c5109090e6f26c09357d560ae6f379eec34d0ecb62736034ec6891f20abb4313a01ca4b5e2beab1f92ead0823b8d6943969e795dca7badac087272f271f1e08ccf34cfe48d9b173bb5f4f8a2625c28bdb2cb8c1ba6480ce61b820d8f95eff00f656bc166ce1c6f0dd880c994c95a1b1b8df36b42fdabe9f253e0ec74593926569e6c481e40b0ef59f48d7e2e2bbaf087078f066ff0013e5e699913638811ff8aedfe82f5e96af38f73c9179f1c3785759110cc811021e6375b88d43a4ea7e006816f31dcc5a6fe8aaf139628e47b497796dd0f571ff00f2ac7187280d23d43d3f356cb1d3cac72f2b6d63925073fca0e1ccd63496f6b71a3fa1fa2cfc3666cf8c656d72ba47d7c0388fe1739c3b34e4f8938a48c171b5f1441f7a7a49040f99fd55bf85dfcfe1fc379ddcd73beaf72ae58ea3aa75976b571a0b0ceee56b1b745ef6b07c4ffd8153275aeaabb3f2db1f1189a45b31e09329e40bff002b47c4d9af87b2a48bdfdaea0c1c88f27897132c702f8a46c27da85fee557f899ce831a79003e5cf1985e0747512c77ee3e9d953b1f3705ca838a4ad231b29d5907dc9b27e5bfc8f75d171ce49783e635a416f944820d8dac11fa2d70bbd6518f3f1de3fd7247827ff00c9387f37fe432fe8bce7c7f8b260f156e5444f9190da23dc0ebf25e89c15c4f87f01c40e630464fc7945ae33ed29fcdc3201ff00f7c7ff006b932c7cb754f8bcb971f2eb1fb79ef3ba37176a47e21ef5aaf51cee0789c484ae2031e5b1cb0cb11f5005bdfaebdfb2f358182663e077e21ab49ebdc2f57f073bcee0fc3f9ab98e2069f7e5772ffa28e2cece9d7f3b0b8e333c542d12e7641e1bc4f91bc55aca8263a3731a3604ff0077bfd55567bfc8c29e79585b3c45b0ce4fe2e51a347d451f87babcfb42e1f7871e636dafc7783ccddc34ee47e8b1c51b38fc734595ca389088c596068322123d33b7fccd344fc0adb2ea74a7c4e6f1b33fb79764ccfcac874d21d1da8aedd1633406975dd64ca8a5c5c99b1e6004913dcc7577069620456fafc5716f7dbb2dd9e83f36fd4f452f49346efba47609d0aae8a41f0489ae8022c6d64a08f556e7dfa206d24ee5498c73c39cc692d157a6c0ec908ef63af55b192c3148602f6bd8c36e7b0d871ad10611a8dd4b90968e56d81db550a3af6a59217be13cf13cb1e35b0540c41bcc3983ec5d7cd4f5d6ac11b1ec56e9c9867379b090e22bcc847291ee46c523845cc73f11ed9e36b6fd3a387c427b37a77be1acb666f0e6381f5b4723bbf32ea381e73e2944725900e97d9796f8433c60f110d909114b4d3ec46ce5ea0d83cc01f1905c0dd8ecb8f966abbf832dcd3b8c1c812037b2d87482c539737c2a590309b36ae617dd178dd631b658371a0f292b24469a4ac45fcad2364e377306d774575a8cae713b2d6caa6425c402d1adad90df5d58098c3933c8c78ddca0eaf701ab42bcc76a5ca63dabf85e11ca8a366303ebd4b8d8e51d57618586cc3c76c7181dc9ee8c3c48f0e16451ecd00177534b61ce05a45ffdd6f871c9db9b2e5b9fb637482a8ddac5cba5eb4a400b2404c9bb0696acd0347e2b17924bb5d9666b08d4ac96d035d540c2236b6c10292f24106f6522d75eb75ba90b3ada918bc968154095864c60edda16df2eb6027cb6372a348d3e308c0941734fa5dfa57f2ac27c97cbe1d8a09b2e1f2b0e5ff8684b6e4f57e2a3fdbd68aa5c1c86e3ced32379a3d9e3dbb85b9932b1933c44dbb036674f9adbdb3618fcc746185a001df4d56d70df2e09d8f98d30d827deab4efa955fe7bc3881a5ee7759311e1b90c37eb3d6ad5a031c1f3dc2b426bf759e397cc8996dae41e5923af6589c6b2a67127579254a3bfbdcac03d07d40209c7a8e5ea342b24fa61b23d6fcc738906c1d9628896bde0efcd69e4b8130b40d9b63e654e48616d97bba697aa01bdd36d17b875299681b6e5534b9e27a72d80ec1c0851c325d9c4816d7124053899790d24902abf458a00ff309229dcca55ab58a27bf1b2cb5c19cad69a26cbb55a107a19292688d02d98872b7200fc419fc85aafd2194937b6aa5118e3b11bceaee6dd6cbe30e79639c410743ee05114b5f0985f19ad439c1b5f15b39628442c96b8170fa91fc2489d3566c770701ce1c3e84ab4f0fce786e4cb9cd6c6f931a326289fa38b9e2ac7c02a97bcb0e97cbf5528e5648e064b03626ff00d955a9d3a6e038c4f099e5a0e7e5cf0c0d1b5d1738febcabd4b2833021c6c16381c90de69287e12edcfc6b4f82e2bc3be5e060e04e581d246f9278a27ebea21a1ae3ec289fa2bde1ce7cd3492c8e2e7d3a579275206a4aece3e3b66efa799f2f97bf1c3bb57d1f2c7146d03473c0db4a0093fb2da6ce20c07cef34238cbc93a6c2d727c0fc40de33c433198f1918906312d79ddee710dbf61ae8aef8f177ff000ee5b19f8e56085a3dde437f959e5d7759e385c6e38553f87219a3e17065796fb7032c87feb3cdf5d07d55ef835dff00f0d611bbd641ff00f91cad31b098387498cd239f979401b8200afd40f92a9f0cb4c3c25b013ff2a79595d873730fd085971df2976f43e5feb659fc5d5db82e5a195dc4e5cd73090dccc91146762618b4bf81712ad38fe5bb1b86c9e5599e5fe94606f67afc92f0fe237030db2bda08898228ec80286a493d0124955cef8c53e2e372cb7f4b79786c13f0c7614e1cf89cda759d6f7bf636b87826c9e1f0e7f06ce25d3e2c4e313bff0036037447c36fa765b3c53ed270711ee870617f109eeb9a31cacbf63bbbe4b88f1378c32f8b4d04b2613312586f90b49e6208d5a49e853872b8ff00f1d3cfc73971b32f6f49e16e0df0f60106c1823fd970ff00684fbc7c527f0898ff00f6aecb00d786b860d01fbbc763ff00485c678f31e599980d89a5ce74921a03fe903f75d56c98794795f1f8f2cb9fc67d3919b1e4c6733ce058ea041f8af50f03cfe770bc091a1a0b659a0757bd387ea579ccae923c010e5c41f2bcf3c72b9deb635b6d2daec4ebaeabb4fb38939384ca5c5c437323757f948e5d3e6a32d658f9c7a3cf729c571c9d8716c4666624b0beb9256163afa03a2f3ac3190cc48258de62e2380f3187f6734d51f6207eabd566617070af65e7dc571fee7e26ca8dbff2b363190cff00adba387ec55b8b2ddd5793ab8773e9cc78db01b9f00f1070e8c30484479b081ff265feef815c580396ec81d885ea3c39ccc497883b21824c530833c4469247603b4ee2c1fafb2e1bc4bc21fc1f8a1843fcdc793fa904b5ff003233b7cfbae7e5e2f0cb51ea707379e3dab00a00d56a3aa6ea2f77944f29db986b4938741b5a77afc16723a368d505908f4dfec935b5d6d36eeed1108b74268807ba6d0431ae0796dd609d5006b674526022ac0206c0f451489343883eadfd93e9e934a424f667d1306c681baa84a02c1d549a4b5dccd3ca47e6eca406a2af5d056e4fc17a4f81becda7ce0de21e20e78715a39d98db3a4ec5dd85f44de8d6d43e09f0465f88627e5ba493170236b9c260dd6470e83fd577bc31b370d7438d992b658df1b5d14ed14d94771da8f45e9b8d0371b8762c7031b1b2c369a34a3a2d1e1983e463f96f8d9262c96e11bc73069ba25b7b2cb93099c6dc39dc2f6e7e18daea7b08d7a2b0883401cc45f4d575d89c3f0796e3c58dbf10b64e0e2b4db608c7c973fe074df92e40f98f02813da85ab0c0c0ca900a639a3bbb4a5d3c31b1a086b5a07b0537e8000ad8f0cfb659fc8b7d2ba1e19146de69c87b87d02cf89b39e072f39240036089c9737901d64f4dfb75fd1662406968d80002da63231f2b4dee346cea56bd1e65919ab85a9bf46ba95908d003dd4434debb200a21653f85128bb6d0ac61b7d2935987f08863af4d151ad48684da4f31d56615ca504068d58dc09275b43cd92a70fe0d7ba25f0e8161a3a56ab3b5e5d18bddbd7bac7136c6a90f4cae0b49d46690ad9387fe7b7bd8516ecff8a9c4796669f7b568ab28f54af274b27546412c9e378d39bd3cc947ab49ec0d9f9a96534f90c92e9b7ca0f653a199e0358e75d93b279d432e9a34635ad1f458e37f9ac606b6c7a6cd6ddd3cb20e54a4742a3e86003571d77591ba6baac63d4081a12564b2477f744c64840739ee36698e3bd51a5002dad34e2e24b81ad48eeb362465f06590ea0d8e8d7b9a57dc3bc4acfbbc1165706c4cb38f18c76f31a140e8687549fe90a8c621cd9b6b74640aecb5b32beeefe5a1b02afb2b88479fe7438fc1b0f05c1ae717c377a0d8dae7f25edfbb7e1a2483bfb29ec4b83eb2b491e9687487da829cf666636f980a1654b84b284e0824968656db958e5f54925db4871235d0eaa6218e36c07203720cad8eb47c60120fc159c0ee1381273e3c73664e3ff132181ac69f6675f99f92a999ae0ef4927e0a5146e730d38e9a6ddd27b5afa7718306765e6c71cb2b6174b1098b87addca6abf4215dcfe1dc38a273b2669e798b4b43a490868e6f48d056e4fe8a1c3622cf11e431da79303223ed4003fb14bc4dc51b0710e178ce35cf3b27900fcadba6fe86fe6baef7a91e5cdde5b311e1ae1f1f0d7659c72e2c9f1e2fc475bf335fe164fb43e2736370ce1f8b86f73723225e705bbd376f87a8851c598b66e231b5a43318b20e63d5e1f647c8729f9ad8f11bf1649f84e34ad68c9c825d148ed83d841683ec6ebe7ecb2e6eb0b53c3e5973c9939ac6cff1360654ce972dc7c821ae3903998ebd6b9abf90bb6f07f198b8c499058df2e7772c92c42c80e1a120f50745b9e26c193894b870c9912c3c2b29bc9240d007f540b68277d75047b0557c0b80e4f07e2f6d7c625c963d82163bd2035ba38fd4ac71c71f0f297b7a1c97cf2fc7945acd8eee21c563a77f4e3f4328eeeab73be4057cc7756bc7386c99bc21f838af6c0d7d34b88be568dc0f75b38188cc582265073dada2eee4d13fb0fa05b3f058657ceb4e1c6714d479565786a3c1fbdc1c0a5c9938963495932bc06c6c6116003bdd11b7baa8cbf0e66bf2229242ec981b24625909d839e1a47eabd59d8b970f1ac9cac68a3314f1b1ae064a2e736f5f6d287c961e278595938b3998c5141131f2b6186c97bc31dcb67b0346ab5a5d18fc8c71c3c34cb2c796e7e5be9a397cb160e2462e991347d001fc2e73c49257a9a29f0c3ccd703ad924ff00015df1f97cb6c4d1bb58d1fa2e378ae70c877106b1c0861f2da49de9a07ef6bab1eb0ffea7fe2b57e4676ff2b92717c994fa24c8f3bef66ec9faaef3c073b26c0e23033411b03afebafe81716e1f75c09735e487cc4418ff00e63403ddf0034f891d974bf66a0b38dba37b7fa7938ce6827a86b85d7ecab86bf1dc6a3e4deabd609e76078fcdae8b8ef1fe3966041c458dfea614a1ee237e477a5df2d9757c34b9dc3e0f30fadade477c469fc2c1c5319995873c12fe0958633a6d62aff9f92c70baaf3f3c6755e7c4467322f33ff9794189e7a723c7293f437f25478503f8b70dcaf0f659be27c3dee38ae268ba8d167c345bb821eee1f262cfff00cc6239d03875d0d02a9fc4f2bf07c438bc571496ba78993923ff00305b1ffab7f55bf3cdeafd2df1b725c3ee39721c1c439a5a468411b7b2900df8ae93c658914adc6e3584d68c7cd1fd56b7664a371f3a27eab9d68dfad2e4b35d3bf1cbca6c10d0c040af74b6274a3b291aa1a24dd481d76554f608d6bada9b01235d4040a27e6b2b5a3aecaab4f48f28d745bdc238665f17ca66370d81d3ccf23f08d182f727a2b0f09786788789b880c7c16011b0d4b351e589bfcbaba2fa1bc21e17c1e03c3441c3d95745f2385be43dc9fe112e6bc13f67385c0cc7979e199bc477e6a3e5c5ecd1d7e257712b77681b9d7dd6dcd1f242dae87a68b0c6c2642ee87654abc894f6d8e30d2795a5a6be0a5845d13a66b47331b2df2f4a70b59991733794f5446d30e4b4d5367651f670ff00b041b51bc1a700013d02ccd70377bac31b6c9d345375b76ea826f750f49431ce76e490a0cf55f35ec895e2089efe80754102ebc87bc7e067a07c54d84d104e8b1c3a46c6d0d402ef8acf41addd0302828b492ea249080ee882dad4140dcd03a28b49bdd17cc7753e4144a00b072e81405f3754dae2ebfa2939a771b206c68b3a240fc50c78d54dac6806c1d954630d05fb745069ab17d504d48689d16563416934a47c498f1bb95ce20d35cb5e607cc14b7e28e4119922be5e6d5aed8ad3cae6f30babd4e1a356df4a22cd180dfc5648b67bcd7a46fdcac71572b82cc7d313056aeb71482517fcb3ca37dc7759d839b0b92ac875ebd1628da4837a1ad16ef0905f3d869a00bb6ec0ad2452b55d9d9595978ff7898bbcb1e5b0501cad1d3443eccafef656bccd31c97647c164610798f7d75545a2110b2e53d8fb6e511fe11fba6e048a0ab3b4c6e6010d8b301240735a3ff72d79230d792d07d2362b2e31ac6c9346bd234f8a1d7ca458b3a8f82d719d2959b0887c808f492d7020f5d0ad09fd58a01eaac38735cec80091a46f3ffb4aac98f2c6d06f400a9be86f70e7f2c2e76e0b813efca16d786f858e2fc662c274a6288873dce6b799c1a35d07fb0b063c67ee3cb102e7f97600dcdbbfd02c1164e56164472e34d2412b5b45cdd0b7d9677761177c7fc30dc4e27858f859a1d1e642e983b23d218d6ef64687e4b5383786b8a4d263cdf7199f8a64697bdbea05bcc013a74ecb28f1471576388679db931117e5cd183e93bb455503d5749e00f17321ce8713c8f29925c6f630fa34048a1d285fc9537945a7f16bc35cc9f8ff00177f3b4465e5ef70d84609b2a3c0307fc572b378fe6b6daf0ffba46468d68069dfe9f12ba5f1370666570d9e6e18638465721c97347fcc8aec915b1a26d61ca2e6b22e1dc3c53cb28b80b6c518d013fc2ebc7966536f3b971bc5975f6e6325cd80c9e487f94f7b9f2b8ede6b9c1d5fa7d02a5f1d654524dc3e30c709a08edd207f43a8006c083d5755e33c68b03c2f13211a473b0dbb7275b27df55e7dc5deecccdc995a2e38dad17d8014b6987e4e3b0f8fdf27e4af5cf0c64c3e2bf0a4073b98c8da8e70c7116e69d0e9a8e9aabfc2e1f8f86d1e4b3d40573b8dbabe257977d92716183c526e1f904b63ca1ccc37a35e07e962d7ae2f32e171baaf56e5bee101400249aea50a0f9031cd696b8976c40b03e3d82262fe57085b6f3b176c3dca8da246458b25dc98d2b88b01aa6db0d01c41756a40dfdfeab4b8b6741891471cbea927706358dd49d459f603fd127fb572deae9c4789b20ff88c800b1182eaff00a4135fa2e0b83e19ce93225cc9cc3c3e1b9b2a7e8d07a0eee3b01d6d745c798fcfc96630918c765bf94c929f4b597cce71f6a5cff88b28811f0ec485f0f0c89ffd30f01af9df5acaf1dc9d8740bd1e5ce638cfeb8fe1e371f2ca7daaf89e79e37c6a27c718831c39b163c0368a30741f1ea4f7b5e9b0c31e0717f0bb626900b65834d2eda0ff00aaf29e031f3718c7613b483f42bd53c54efbbc5e1dca1ff859adbaec46bfb2cf8f7e36a9f22fef318ed7863efef1158e68e570fad387eeb2cede66b87b2d5c3788f8de643ff99132603bd12d3fc2dd987a4acbd55729bc1e59e228c70df17c8e1621ce8c3cebb3b627ea3f554fe298bcce0ad7728e6c3c922c746482abe16dfd575df69987cfc362ca6b7d78d2efd9aed3ff00b805cd31e33b85654605ba7c7736baf3b7d43f568faaedca79f1238eeacce2bfc273479d8b95c0f29d5164b6e171fc920fc27fdf42b9b9227c334b14ad2d918e2d703d083454b1667433c5346e3ccc3cc0abef1831b3cb8dc52203cbcd602ff6900a3f5d1725ef1dba65f0cf5f55ce1053b00ee9de87400a1acf659d6f3db246012e6907988dd747e10f0de4f89389418b8a39216eb34f56183bfb93d954705c19788f138b0f0c38e44ffd360ee4e97f25f4df83fc370787f86c78308b7c4ce573ebf13c9d4aaed2c9e1de098bc1b86c3898110644c157d5e7fb9c7bff00aae8a187417b528b62d050a075f82d888f2b68aa5abe31a792d05ed8c77b2526340163a1aa5998cf3a495e3602be61638c80c6fc542ccd5400140951ca693007b6ee13ce3dfbac8e1e653bb29b4800d8e8886389cd7379e336d70042cadf5e974b561fe9cd262b40a36f889da89d47d56d369bab86a76401fe982e1a93bac59204a5b05900eae596c381ae8b0447fab2c84d36bcb1f244b3df29a077f65204114a0d7738abfd14f948d2aab75082e5e5f574082fbd1373b9872f7506b28efb291211d6b6987126a829075e9a25ca41b2891c943ba907802b7435de9a0a219ada80c47a59aa4c3c8ab048237b4f9f4a555e21c9761f0f73a377f524218df6f74fa46337743238c6163cee64b29e6075701602b18a5696131b839a7623b2e0f232a389b163348e699c19cd5d095dcc503618846ca0d68a0028c6edb7261307c740ff00c2b05e9abbf55559e4c8e6bdbda87c95bb87fc27fe955192cf56a74b5d393962300610ee63cba0a03a959dc6f5f6e50b580e4d36e8b618d3f975510a934d9f8ab1e104b4ce47e485e7e2abb95c74bd96ef0d7f23334696603fb85a455adc41807213b7e65860150bc83d56ecc2f1247d0d1c16a6132e2c865fa79039bef455328b6219b8593617449eca10e8d00ee45a9d7fba51166c638e4c39794fa5ef0083ec2d40fe55922aff000c693b195c76f651d4b1bd95f152b738736a7989d9b03cfe8a9a76b435b44ead0adf0c72fde9c6ec44fd3e54a9e7d2c55a8cbda1b78d92e11b2225a4015a8dbe616dfde5be4bbcdf30ed5ca43857b82b4b84640c4cb8f20c314fc86fcb945b5df10bd57c2fe36e00fc666367e041c3dc3d36230e8cfcf71f351e562648f32cd921790479643b4be52de5ae9a2bbfb39e1232b8e3b2df206e2608334af049e8685fbebf45ea3c43c1fe1de350f9b163c4c73ff0cf88437e7a687e8a878bf87a6e01e0ecae1fc35af9192bcbe6c81bbc58d08f869edaa8c6ccac955cf7274b7f0271c7f158b3048d0d80cef38deccdf94feff5ecad0c231721f000034faa33ddbdbe5fe8b98f026338e0b5903d8cfeb3dcc7d7e66d50dfa8bfd57619f164ced3cb1465f19e78ded937ee0df7fe7d95b2d619ea30b85e6c3bf71c6fda5bb97803003f8a61a7c013a2e7f897091c33c240483fe2648fcd94fb90081f2b5d778bf0a7c93c299262ca201960caed086b68ee5547da0c83fc325ad011d3e2bab8b3dce9c566586b1ff6e4bc351897894ec71d0e04f7f2889fe15ee0fda165706ca831f88839b84f630f383fd4658eff00982a7f0b340e2596f3f859c3b25c4ed5fd270fe47d5739c6e5f33270dd42beef1923e5ff00659fcaff003d3d5c32e9f43f05e3381c6f15b3f0dc86cccddcd1a39a7dc2dfdd7ccfc1f332709ecc8c399f04a0e8f8cd2f53f0ef1de35c599858f9d90c8e2998e90be3672c9230501ade966f603f0fbae3ca78cdb7c31b9dd3b4cee2ad8de60c4026c81a937e967fd47f8df65479913d91c93ccf324f2398c323b7b738015daaeebf7d55d60e03628d8d6c61ad02801d167cec213e04f0b47a9cd21a4f475687e4755877936de184d479bf16e1d30762cb064321ca7e3c90432ca348cb434178f8fa85f4d4f40b47c2bf67595c4809f8bcd263b59339d6d7073e5375a1d7d3d6fdf45dcf11e0038871ae15197f36260e311300757b8b9b4df9d127dbbddaaffb4cf12bf82e141c3f867a32324f966460a10b00e9ee46decba6e572efedcfe18e3358b8be2b85c0b87788e0e1fc11b24d3433974f92e7f30d47e01d2c753f01dcae93c74dbf083241bc5346f6e9b6ff00cd2f35f0c9be370f525c4feffeed7ad71dc2978af8624c3c08ccd90fe42d0ddb47752741d56fc796b0ede6f3cb79f1d2c1b90d3c4f816635dfd3cb85d15fb968737f657ef1a15c46589f87f8430199904b166603e171b162daea6d1d8e94576ec91b344d923371bda1cdf707505532d7b89f1d6e552f1ec319b83918ba1f3e3318f8f4fd69792f03ca7e2e480fd1cc70751ee0ea3f45ed198086923423514bc83c598bfe1fe24c9ad2195c276d7f6bc5fe86c7c976fc6ef78d67c3def17319f0fddb3f2610348e4701f0bd3f4a575c2cff0088787f3300d1961feb43f11bd7c468b4b8e8e6cb8e63bcb0b5c7fea6db4fff00683f351e019071b89c6e0472bfd24775cb3f5cfc6bab925b82b2ee88dad646fbdd2d8e278ff76cfc88da3d01e4b47b1d42c0dd068b2b3c6e9b617736eebec5708e478c62c971f46230c87e26c05f49b22a74d5b39ffc2f1bfb11e1061e0b9d9ee1fd4ccd631d9ac3aaf67c293ccc6e61a9356b3abc4ce9139bd8209a8ac74d527d832107a52d6cbcec7c3c684643bd4fa0d681649ea5522fddba8da600c88736848e9eeb52306dc46ca432a3ca8ae22093b83a10a500f41527a658e98dd4eaa547f10165639371bacd1fe141ab930f98d0f6e934679dbee7b2cb0bc64b0380ae847f69eca728b71156b0cb1c90c8e9f1dbcee3a3e3bae6bebf1419267982091ed00d0d126461b8ec6debb9e97dd79f789fc6b978be26e1dc3a318e18fca6b3220734f3f291a3af61aaf46ddc798513d4a0ad6f1094c8ff00bac21ed068f31a5b90e5367696eb1cdfda5534ec9b8799268f99f88f71274d5a7fd137e4092273c10d76ed7037f3595cbc6b6fc7329d2f5ad24f3382c829c083b8559819e5d1b62cad1dd1ff00dcb7e1d45fff00857996d95c357b49a1d67b059039a410375af9d94dc6880e5e67bf468bab556ee27931b8b9d8ed732f6668404b969331b7b8b901c0d91a2c84822c6a161c3cd8b360f32036df7e89b410ea248f64f6a1e97b2e6fc5d90d6cd87138d9b2e23e54ba9ad979bf8cb21c3c5f8b8ffdd11517fc5a717f93266e0b260e900e5e5a2d1ee3aaebf81677dfb864323ec4945927b10b9901ce8c735d3852b2f0e1fbb4f3e3b750ff00ea0f8f50b0e3cb55d5cf84b36f96e36f990c8dfec6daae919cd23cde8b7a692f19e3dc05a2f7728d2fe4bd1af3656078e79491b5834b3e39f529f0d6b2496663b7744e039bbad7c73cc0731d944f6b33b0032d1ea696e62111e2e6976f4d1f2b5a6453af620ada85a5cc9dac6b8f99c80002cb8d956f256a4c341f43d0f6ea161c3839f2d8cba6bf4aec35d15967707e23c31b13b88e0e4e331df81d333943fd82c38b17267639bab76ca65994dc42ae3d1a28500294c1166fa8480f53ff00ea3fba774a922f1bcc05dc3e16934d6b9e7dfb2d78c924368904adfc4fbbb470d667193ee61c4ca5869ce6976b47a2be9f87f84f25c7eefc5a4c2773694d3269d281f92b5cb5547398e4370f30f36f10d0fb9557316d0e5d6856aba0e238d062e2e78c6cc6e5c75134cad88b3d47a51eca827364b8f4d146576141b7559c8b65751fa2d78051d6e8ea29679081a343b5538fa4bb4fb27c6cc978b644f1e4cd8f81047cd3063a9ae27615faaecbc2de318bc47c5e4c09e0681197b98f1ab651a06d8e8753fa2a9cb87ff847eccfca05accfcda0f3d799c35fa35717e0ee7847139e27163a28a20d75ea0995a41ffda1478dcfa8a4cb577f4f6d6e2c125ba2c08831af3458430d83575a058e5cdc8c69a9a192c474a96daf69ec48e9eea1e1ae25fe29c3dd3b29b2bc07b9a468d7553abd89163e2b6e574394d922ccc7700d25bcd560f7e570d56194b3a746171f7f4dac49fef38e5dc85a6cb5cd3d3b8f9daf3ffb56c118dc323c8c76f2c4f78648d1b34d920fb5d1fa2ecb84cb189e6c685e650d209710411a56bf1ad11e27e1cce29c072f124341ed041fed20ddfe8afc59dc7b579309974f38f07f02cae231717746c2c8e7c37624733b46f3388bf8d72eb4b0f19fb36cb830d99078a6181047443dae1cc7b0ff0045eb7898f0e2e2c5062b43208da1ac681d3bfc55671585bc4b3e0c37df94c36ffa59fd081ffa95f9396e79792ba98cd3ce7c2ff677366e1327cf9df8d1b892c6b47339cde9f0d577383c1a3c0f10e0b22d31e1c1f2d96757169a3fbdfcc2e9a806fa450ad87ecb9af14788387f0c9a18dd3076744fe61147a9ad88776bb59dde4bf1db8ba5de82d4cac9a85ee8073d0ae61dcec07bd9f805abc2b361e358c7263c86bb1c1a31b0edff0059d3f4a0b6cdc8f6b616ff004a3a21c7417d2ab7d1459a4eb4513598185eaf5486cb8dd97bcfefafe8b98f15f0e0784e5492e3332e768f39ad73798997a575eb5f05d27100d8a0e4739ee9643ca0823988dc81d852cd1b44b2f9d316730d58c6b810cf7f8fec14639769d571be0ff016161320cde258f79c4173a22eb630b8eba0d3e5ad755d6cb3bfeef247c3238df2319e9e63cb1835a0d3e5b2c52641cb94c701a84685c3777b0f65bf0b3cb63001cbcbb01b00a3cf7d42e1af7edc1787f2f2f8e708e3ace2edbcf85f2445a5b5e5fa6f95a3a6a0abbf05e50c9f0de2ebeb84185dedca74fd2941913307c71981a299c430d93103ff00318ee53ffb5c156f825e31389f16e19b06bfcc67c01e53ff00fcfd57563dce9e772f59ba79db6d2bcefed0f103f1b172da3d5138c0faec7d4d3f5e60bd1e4db55cd788313ef985978805ba567a07f9c6adfdabe6b6e1cb5771cbe5e1c9b793f11024e118e76741318c9ff2b858fd5a554b090e046841bd15d5736265c45bf8a3f307b3986ff6e61f354f5d8689f2278e7e51e96377165c6ea56e36483f89bca48ebd47ef5f255a2fdefd8ab167f5b82386ee88dd7b5aaf6fc2bb2c79bdeffa714d4d3ddbec7269f86f87f0071068763643dd342fe624b01d083ec697a96133cb92768be47d3983a0e8579ff83b0dd8fe09f09c82abca31c9634e5759fdd763c1a57451b412e7085de5b9ae365a3a51ecb0c9aaf9c2e1769b85cf7149c3b8b62c6f0086465e74babd02bf20b98fa3e93a85cf3dbf78e273cb0bbd20359f4dd6595eba6fc5fe4cdc2c37efd396ec636956554ed36d957e0db73b29c4ea401fbab38dbccd692987aed1c966d28ff0d0dd6478a1a5958868e03d9668c5b08055d48841f8ad6c480697a2c23472ccd20821dd9441e21f6a38863fb44c19ff002bfc87fd1e5bfcaf67cd91b1c065710d03526b65e45f6e9198bc49c07245d535bf49015ea7c522199c34c25ce6f380db1eead915c545f6a7c161e22fc3c9832198e098ccee1e9bbedbd2b868c59e239dc1a78f2f0cfa9f1b1d7cbee3fd1798f88fece38be2f1566370fe4ca827717325710de4ef76a8f231fc41e04ce8656ced889b22488db1e6f569beba7cd4678e357c25976f7b85d0cd1348f5308ba286e63f0892039f06dcbd5a3baf3df0af8fd9c4a738d958a31b308d1ac3e990f61d8aeeb19d1e6379a005cc3a381dc1ea1735be3751bd92ced1f14f15c1c0660656466323e690358d2757dadd8b95f17334db48d35bb1dd71fe3ff0645c7f083b1cf979b0dba371be5f810acfc26ccac3e0b8b8b9ce89f344ce52e8c920fd7aa8cada9c71d4e966c7bb065124439984dc8df65d1c2f6cac0f611ca7aaa5239dbcba1bfdd6a3279b874be96b8c0e3ab4edf257c793c7a532e399771d0e80faaac7eab88f1c70e965f11704ca8196de6732477614baa1c6311e072383a422f949d5bf15a13be5c825f31680346b5bd15ae52cd29c78eaf6afc4809796bff0b7659a695d84e8f298db31ba9c07f6ff00aacfe86308fcc3aad0e2b3561cc07e22da17d9613aae8cbb7cc1134c8d90309d0731f92ae73f5a76a55ff0681b3cb931b9c5ad744407f402f72a8656f973bd87f1b491617a35e7fd27c35dcb9cc23a3803f3d1403795f2b4fe4757d09508cf2c8c77e60e07e8b632c72e7cf5d5d7f5d53145f6cc69e5a0d7a46ab7f0a4f279e768b732465168d5b566c7bad080d9a7ada20370e40c3a79ad34b4fad28e8fc45e20fbf70a6e17deb372dee904ae74fa3595fdbefdd51e33b9b2f19da0b750aea160e627900dfdf559b08de4e3e8053fbf4518e3309a4daad68f53ff00ea3fba96d74903abfe24fea83dbe14a9bed68dd7df918ed03f0c607ea56320ff00681f35b139e4c8e4e8d6347e97fcac44d07500480b5c7562b59e5b1c2652de52ef39a343d002a9e7e6e7f50d15ab9d5c29a5c1a03e73afb00aae51eb3f14a4463ab5d5780384ff008cf89206c8d0ec683faf28f60741f334b9266e76dd7b0fd996247c1fc2395c5724869c806536368d9607d75549748caea39efb5ae283378f45c3d8efe9e1b7d5ff005bb53f414154f8580670ae2b256efc760f939e6bf40b9fcfcc7e666cf9739b9267ba43f324abee072359c0f21a377e4b09f931c7f95a70cfda33cfac2bd1bc219470f86e1c8d697b5d186bd83f30bb07e2176d8f3479110960787c4ed88ff7a7c179df07788b846282453631649ae94b0bfc5ade17317e2074b75cc09a6bff00efeeafcfc53bc9cbf13e4e5e5e0f497c61fea1a3c6ce1fb7c3d9485b9843bf156a0ac18994268a2749198647b43b91c7bebbf5dd6c39c1ad7389a0012b867a7a8c78c6f1e3d6fd235f96eb430678dd2e6e539c1b0b0573bb415a9bf6d037ea157709e3632b83b1d8604af78e58a877a1afcefe8b670b864b346d39de889a5a441ee1a1b6e3d76fe7aa4ed1963aaaae3bc5f37359247c34490c147d60548ff87f68fd550719f05e3c6c9a767de1f21a2e6b1c28bab53aebbaf41e23f77c3e1f21772c4d7d461e4d6ae3cbb9f8dfc9619cb5b0caf7902300b893db75d1c596bbd397e567949262e57ecbf8498e0cac999f2399cc226b0bbd2e2352e23af40176f97349186478ed6ba47680b8d060adcffbd7eab0f03c7fbb70bc66551734c8e1eee25c7f71f203b2d27be21c49c7231dd933b0534c3ad6a7a7c3bac7973f2bd3ab865b8cdb7088230e7969cb9b6240b3f01d1a07c528f2b1bfa8e7e298bcb697bb9d8069fcad864b318816e2968df9398737d07550c9741918a03e3f304a0b58c7021ce3dbea07c3e4b3692ff50e118bf77c38c3810f2d1bfe5075a5bca3102236871e620017dd495a4f18a5b6ddd729e2a9862f8a3c352bbf04ae9b19c47f980afd42a5cb9070cf1dc531d22ca2d6b8ff00fb8de53f2e66adefb562e838570ccd60f562e635e34df43a7e8ab7c7ecf37ee59b8e6daf696b48eff8d87f5fe57670cfafeb8be4fb95dcbf654dc55a68b86e3507e0b7f86e58cee1d8b92dda58c3bf458388379a32a78e6b2b1e6f37adbcb78c40dc4e38e245c323bcca1fdafbb1f2b70f92e4656989ef8ceec25bf42bd0bc578dcd8ac980d617f213fe576c4fcefea170bc487365c8f6e9ce03abb1eab4f91378cc9e87c5e4f3c256c70a3ccd998740e6ff00d9757e05f03e3789385e4654f9cf8dec71608a100b99eeef8ae338692dc802f714745d57d9a674d81e2f8e188b845392d7b1bd7dd7373ffd72ff001dbc13f77be708c4633c178fc3e3717cf870b584385596f5595b351872a872480327f81d8fc963c294338844e6b8f96fb8ddd2f4d3f55b8c81ad832b1e63422b703fe5a2b971bb9badb938fc72d462cce2d2c2f92387d0c8a32e9251a9e6e800e8b17017b5b861dcc7988e6363a9ff00f2b4835efe092b9c2e591a0bcdf5bff45b182d7b22974d39b4f82e6b9db5d3c7c724319ef8f8abe2a6f23c802b7b57b24f140c73a691ac1bd92b92c2e252338fc98a787f9ece52e7650fc87b2b930b27e69677798e3f84f61d9698e7d33b86eb6b178c4591253637060de470e5b1dc056ef78681cbb1160fb2f3acce37c3b1b8fe1f0f9dee74b24a1b23633f84de81cbd17909d394340f4abe36d679c92f471b4487753239680f824dfe9fa4263d7a68adb66e3fc7be13778ad908e711cd8bea84efaf334ebf42ba87b437c9655d7f0b64fa5a6cfb2c315bde6ba29da159e246cdf7213c3ac916a35ab6f55453f02878bf0a7e267303e297d46f7bee3dd697da478cb27804f1e1e16346e748d2e74b2fe1a3a103dd4bc11e206715e1f6e70f363f4c8cfedffb5154cf1bedbf1e5d3c7fc59e14e25e1bcde67f9b262b5dcf1e4c62c8ff0042ba6f0278fde3263c2e2d202e7bb95996c3a3cf678fa6abd9e411cb111235ae6386ad7004382f3cf15fd9bf0be2127deb87b9d83317073833f09d7b77b54cb4bccad778d90c8c6f98da2545b8a18e2e681bdad0e11980c2cc59d8449100de677e6aeaad58f209048a3a855f69dd2b0c3646eb0710647235ad15442c9256a0ad399f66ff002acf3ba4cdef6aec68cb321ed7806b42b78861fc360fc56393979db24640354ef82c324c0027b9d163bd34b36cd2b846cdeeb75a13cf1c909e4ad8d2c5913bf95d5b11aaaf8ac0737dbf74b9f6be3c7d3c5f8335d3fdf6189a18d91a19cc468d376b9dcf844596f8f4241a047ecaff0001cec7e1b396bbfa8f908bbd1b4375cec84b9ee25d6ebbb5ec5793185edd0d6eb738a339335a4821af898efd3fecb49e16e658071f0642e2efe9961bf63b7eaa21441ae97aab01cadc190f2127cc6eb5a6db2afc7bbfe559b7ff0093946a017815f25b4ee21ade67f5090d02c6856c60bf9b2a068601ebeab03c68c17d3aadac303ef501bd0394a2aab40e70db53fba9346a069a1dca8014f77c4feeb342d0e96207fb9a3f5596bb4c6de4b079d2069b21c09fa058c36cbe85ac9992b4e54a5ba7a9cdd3d8d2c513ba55dd0dd698aba64c969fb842c23412484fe8aaf520fc7e8acf880ac38034503cc77f755b7e9a2d209eea2c4c64e1b852711e238d8708b927788c7ccd2f5afb4ccc8b85f8561e1b8ede56cdcb0340d3fa6d1aff001f55cb7d9370e13f8827cc70f46245e9d377bb41f41cc563fb51ce395e226c01d71e3461a3e2753fc2893a639e5e594c638eb693642bdc17323c07b4e80cce3f1a681fc8544ddeaad6ebe53c81bd9c5c3d89abfd82d38f2985f2ad6e3e534bacce34f7c2c89b403400180e80f73dd2f0ce33b8b78970319c4bfcc99bcdecd1ea3f2a05502f46fb1be1c64e219bc49e3d10b042c27ab9da9fa0fdd63cbcb735b8b8b0e3f51ea9235b2b5c1ed041375eeb97f1e71b6f0ee17360e35c99b9119600dd4c6c3a731f8f41bab3e25c54c5e64789ca1ed1cce91e7d310ee7fd172be0a85bc738c64f11939e5c4c57f2b2493ff1a53b9f8015f33ecabc7277699e57d63ed7be03e0ff00e15c0b144f17264965bc1ddb676fa57ecba4083bebbac394e7060644473c8791a4f4ee7e4152f757dfdd567148e3e2192d8a78c3f15f1c903af621c0027ea051f8eab96c4f0c8c18a6c7c932cd0c479a273a43ca45ec45d5aedded686b03000d6fe11d82ace3d97f73e1b33dbff31c4451ff00d4e343e9bfc97461978cd69e7f26f2cfdaee68cc83939cb59679ab4245550ec88d8d637963686b74d82c58195f7bc48e52396423d4dec7fdebf349d1cef279a6e566f4c6d13f32b9afb7a38ce93965e53c918e6948d07403b9ecb9289b9f078eb0a4cd98c90e436580f46b1cd6b9cc0dec1c0fc7d3aabae352e5f09c0972786633325a0992489ce21d5fdc3bfbf6e8b95cdf18f3f09c7e271e286cfcd6c89c6c12091bfc771efeead30b97a5e75d477399c431b10813cad6bdda86e97f4e8abd9e22c47c9cac931cfb7de181df4b5e1fc5b272b232249b3a67cf3c86dee71ebdab6af65a225a3f847c14e58f8dd2b70d7baf61fb4d9a0ccf094a6377ae39e37729dc0248bf86bbaad8dc389fd9ee2ccdd64c76b74ec63772bbff00695e7b8fc42d871f20cafc5703e869fc2ed7948bff003569b503ecbbafb3295995c133f87bdda875ff00e991bca4fc885d5c5fe3bfe393e4e37c56be00cbe6c1c8c271b740fe66dff63b5fa5ae83285c4579ff0087273c37c45109740fbc793f5afd42f439b56396994d65b795c8e4b8a40d97cd85c699334b2fb1e87eb4bccb89c6f63da5c3d62daef882bd5b8b476d2b83f14e31b7ca07fcc1cda7f70dff004d56b9cf2e3b16f83c9e39f857398ef3e731c7beabaefb32d7c751023ff05c6c77a0b8f8f47b68f50bb2fb2f24f8ef19a287340fdd70f27fd35ef70f5c8f6d73dcd11b98dfc0f0469bab4f1096bdd8ec8cd4b92de5781d5b56b5721a046d738b591d51274a55bc3f8bc59be20772f3ba08a16c0c7387e320eaefd579933d62efe4c3cbb59e7811604711d8c8d6348ecb6a5a8b0df4d3cc02c190e1365c319ae56733c81fbacce2440e2e366b5af8aacbf48d69a9850c9046c6f2798d7905e46849559e30f100e07c2e47b5a1f926d8c6fb9ea7e0ba1c716d076206c7e2bccb8fc6ff001178d8619f3bee3897e6f28fc67b057c64572cb71b3f659e159327219c7f8af339ae93fa4d76a5eefee3fc2f63b01deaefd55370ec884c1163c51987caa6889c2b940da95c3ecb856cba65eba725f699224e9aa6da61d511fa4bacd24f37b109a40279f46e9b95871ed96e27aac8e3c8c71dbe29307f4bd3afc134970bf6bbc24711e04dc985973e3d38d76bd578df09e3399c1f3999986f2c78a0e655891b7ab48f75f4df2095af648d63a270a735dd579ff12f01e0e078860e2b8ed1f726b8996022da1c6a8fc14dbd270e9859e2e0cfbb4b2f0ecbc5c69dad20bc7a438fec15fcbc4f9cc31b9be4b9dea1e6d0b1ec7aab2ccc0833b87ba12c6ba37b48208b049eb4bce59e03cf6e435b91c6669208c9f2d8f69735b674a5cd9474e3a76193c4b165c9c6c7c47c724a1dbb4d9a1bd8564647318e2fa2d6e80ae6b0bc3191c2dce9f172a192422dc5d1f29aeb442d939b3101859cd43d429676e89836f2b25f40c6f242504ec70a7f303eeabbce63097359ca0ea413b2064b40f50f4f7a597b6f31e9603949738107a2d32e2e90df448c9e603e5385764e27b75bf828309a45e799ae3b68aa79ab369c488c0e6241e8ae1e636c4e7b88686ee5c682f2ff0016f199b8a67c3c3f07124f2a53fd3731dea90edd3f2dab63c76f74cb934f3d95cd7c4f609dde70792636b7d247c569be3afc2e0e3b555144ac73642e93f31e615d4245cd78e5901be8e1baf59e5b03ff001556bf05bcf6077058dc4eb1ce5bf5093b1cc98b24ad9a37323009b34e6fcbdd4f87b4cdc2388c75ff002f96403e744feaa1562c61fe6055839ee383a03624d5dd76d957e239bcd447556543ee725070feb0dceda2d7156f4c719058e0e61e6a147b2d9c60dfbc461a6c0d42d592e3901174468565e1af70ca84103f11fd8a9a855b4fa9c7a5ff00256ef0d6f3e7c0c22ede3fdfe8b4c8b713eeb6b0b4ce86c5fa9673dadf4d9c82c3349cb45c09b03a6baac71961611601e84adfe1bc273788fde64c28222d880f31ce7863753a0b3b95b53785b8cc5c8e9384e4f201aba168901d3d8ad658854716a6c78b1b4db5b1837f12556b88adf7d15a7156112f97235cd31b1ad2d70a20d76552416e801bba1f1e8ab922bd6fecea06f0ff000b7de5d5cf94f7cce27ab45b40fd0af2ee2992ecce259590f2499242ebefaaf55e34f6f0bf0c3a08872371f15b0803bd51fd6d7906bcbb116ad66b18e6e1be79e59b67161b6be6755328347771dbf629b95df863861e3985261c13e3e3e4c337de3faa6b9da5bcba7c08dbdd5f8f09709e1a0c9c7f8db34d7c980ea7f727e816595eb4ebf292387c6825c899b1e3c4f96471a0c636c95eb5c1b93c31e14c787894ccc20e0649b5b9647bb70074d80ea5735278af0f02238fe14e1b1e3b48a3933b6dee1dfbfd7e8b9cc9926cac8391993499139de490d9af6e83e4ab314c9965fe965e2af14cfc4e2763e1c671787d9716fe693fea3fc2f55f0270e1c37c27c3a1a1cef8fce7fc5dafed4bc1f2dc4b883b6c02f7cf0c67b327c3fc2e4041e6c58f6ee0729fd415167d27531f4ba5a92bc1cc70bb73230d3aedcc4ffa2d96c80ecabdefff0088c83cc1c39c01ec001a7d6d31c7b65cdc930c76cce75daa0f131e67f0a6374e7ccd47fe879fde95c175f5551c7873647097f46e6027ff00a1c3f95bc8f3b0e4f2cdd139a31446f6d8635a18ff00615a3be5afc8fb2d9e94a0e7c77eb20b3adf51d7f45cdf8278fb789c7361cef0733185935f8d9dc7c2e8fc42e7d5f6f631ee6dd32f3cf15f0cc4c4c0e241d1797047309ae36eac0e34e737dc10c35d75eebd13a15cd78b2013e3e7c445f9d8b2b5a3a970687803ff00a4a89756267aaf15e28d7c7372bcb5d7a87b4fa5e3b8ff007a1d1692b3cb81d1c7b1742ef5575692371eff00baae7368ee083b3bbad33977b4657776dce0728878be2b9cd0e05c5947fcc0b6ff0050ba1fb3ac9fbaf883c871af3e274577f99bab7f5691ff00e5722c7189ed906ec7070f96aae0cbfe17c7fce60a6e3e4f98003d0107f65d1f167979465c93cb1d3a8f17631c7e319062f489089e3e944ebfb8fd576bc1b35bc47844390dddcd1cc2baaa4f1c40c7e2e265c6799ad718f98756bb56ff00bf75abe01cde5932701eedff00a8c07f51fbadecf2c36f1b2c7a5d7128ed8e5c9715c7f3b1e58e81701ccdbfee00fee057d176f9acb69d0ae5f3a321e7e36afc7de3a72f95c33993cca4608a72cfed70af874fdd757e02cfc7e19e3ac09b3486c3235f0f31d0349d89551e20c431e6c7201e891c069f15a3c6039b330b6c69d0fbae5e5c35c79c7d0f072ccacb1f41f1dccf325c7c20fb3212e7107701618c330f2f19a01040b750d82f36e07e26967ff0d7e539df79c63e53dd7a39a4502bbf8a51913cf2738753035a7d97879e171f6f6b8eccb174bc3b26339f2979b717168ec3fecae29b23686c45d2e3e17de33a424b5d40dfb8dd5d459ae8e181c35045fc5571bd99e3fc5bf296c6e2343d2d6a709e191c13c995e5812c9e9769bfbfeeb6e395b231af3b153009d890d5b30b10ca772e663b98ca20fcd5fc62997eeb8b39ee97c4a7118098618c39e7fcc4aec9d6dd3eb4ba709d39f339059b1b26c34424cd76d90ef4d156551c820802faa8b4d7301b14da6e470ad401fba52ec3a221202e32b99f1f71d6f03f0f48f8d8d97225fe9c6c234b37a9ff007d574b8ff88dea2973fe3cf0d0f11708e48c96654279e237d7b2825d38af05f8d1f94f1839ec0256b6c3daed0b7bfc9757c478f62418ad73a68b9af4b785e199f89370fcc931f2617c53c6e25cde52011edecb5cb0c80092cee7d4a978f6db1ce3d89de2bc37c82233b7d5b807503b271f12c1939a48e795b2b8df272d80bc70c13b586664337283a48d88d7c6e95f705f1165e30e599ac9e2ecf14efafc167970f4bce491e8f2e5176baccd3a00e6d2c2c9718b8b2cc6ede88d150e1f89f87c84073ce348081521a6dabbfbde1cf10779913fa5b4d92565f8ec6b8f2c6c35a1a7cc8cdd6f5d562e2599161c5723c3b25c7fa78ec2399c7b2a1e39c565c577ddb873a38b35c3439161a7d81dafe2b9ce19e1f9f8de44337136bb8698dc5b34ad792e9f5e9fdaad38a49ba8cb977d477d0e570fe29c33cb9b249c93ff0033879d4736b5aefbaaff000f78771b85c4657b03f31dbc8750cd7668e83dfaadac7e11858cc23018e6977e2702398fb92a5f749997792fd3a764cf3d750c38feebe7c8633231f855cb3440be3bdefab7e1d568e84730df75bd13cc9c56291b76e7827be9bad3ca70334ce8f501c687b5af42b81883c926c7a415bfc0473e49c6dc4d13d947ae97afd1478863b616e3867e78839df1ea9705f4f16c5735dbbe87d294210c2f53a8e9ca6d5ce040dcd89913e46c425c800bddb374dd5540df2f3b2187f2bdc2be056fe34c61c6e763b96a7b07b7a55fff003d2b5d078978362f0dc3c79b8771283398e93cb20329d1beaefdc2a1e1c03f3585a2cb492efa15b397c4e7cc7c6257c6638c7a636b0347c682c3891987880f33d2e21cef9514c6593b150d342ff5eeb6f00fff00a84375409dfe0b4e3f531b47a2dbc27566c47a5927e8ab3d95bd899d362b5c70e7962120f5f2114ef620e8a5271ace74018ececb1ad822423f65a2e6b4362691b8dd4c901bca356d8afaad26289d44f3a5f372667b9ee79755971d49aea9706c5fbe71bc081c3d0f9d809f6bb3fb2c1944fdf26074d760ad7c235ffc4188efec0f7fd18e2a7df4ae57536e87c719864e1b3d11fd47f6f75e764f6d0f55d6f8aa5126146dbddcb9270d345af3cd5d39be1e3ae3ed9f8773bb886306005e640069bde87f4b563c7785cbc2788c98d2fa9a69d1b810e0e69eb7b1ad8a5e13883b8bf9af6db31e27cc7e4287ea42ec1dc1db99e1f646f2199003a7c790fe57ea797e0e03ea02e7987963e51d17971c7298dfb70b13cb490e241bd6d6df99e83adad7cde7197307e8f0ed7e3d7f558b9f4a55c6baa5399c5ee3bd2f49fb3fe22e3c0fee649f371499401b889e7f823ff705e67a9240dfa7c5751e079a46f10e22e638b1bf7178b6f5a73282acbda93b7ac6365f3b6ec5fb6cb45f960e564807695c37eda2d5e10e718edd600eea9a7cf8867e586cf111e7bea9e0f55d5c525cbb79df3fac3a752cc9beab4b8cce0c10bc9be49e3758f891fcaad8f2c8dcac3c4327ccc5206ed735e3e21c08fd96d971f4f33873fde3a4ceceff00819b5a2617557fd2578df0de2991819f1e7e2c9cb90c773b49badb63ec57a5e5873f19cc69d4b4b35f7d17909040e5d2c0afe171e53f57d2e1978f6fa27c39c671f8ef0a8f331a9a4fa648ef58dc3707fd7b2c1c6c0fbd6293d4cdff00fa245e31e13f1164787b898c88adf8eff4cd0de8e6fb7b8e87e23aaf5ae35c571b23847f89624ac7e38c49e563fb3b97947c08b20858c9dc4659f55e56d2d9316206882c69fd15365c418f756c56dc3372c11b6f50c03f45ad90f0e3aeaba75d6893adb54006c1d558e54adcbc932b2c090835d41a035fa2ae5b184c2f9b7e568167e4abf1f92f1f22329d3d5783bbfc6fc0d1c7a19442613ecf8ce9f5007d571b8196fc2e258d94d154e1cc3e27557bf66399cb3716e1cedd8f6e4c7f0229c07cf94fd15378b30c62717ccc70298e7798cafed776f9ff000bb787bb70797963fbd9fd7a53c89a1648dd5af163e7aaa0e27151254fc0f9e33b82b627906584f29f87fbb5bb9f15b4a63fadd3cfe5c2cdcfb713c5f11b3c3caed28875fc0ae4b8f01f7c6f4f4af40ca8f75c7718c33fe298e646b9f1c8f6b69bb9adc69f153f227e8ecf81cbbbe355dc367e4c9879880db00e8bd6bc152c8e19b14ff8a2708c81edaae433fc28c6f80b138de135c646c8f6ced26c86f311f2ad15afd9f67191996f79e673fcb27f6bfd1789f271de3b7d1fc6cbbd57a16234b70df1bbf1b5d63e056ce34a2387eeae0686b19ebf05a31cad33c20d802da7ded6e4ac6877a01b69dd70cea3bb2d45ae1e411100e3a056025fe81702037dd51e1bc8ae6356b6325ce9617863b95807d56985b5cf9d91bd818c1b84eca2035f34809277a0745d444e0edf5154abce386f08859d58c056f37d2d6d75682bb719d38b2bba9bc80795a3449849245129b0076a7743ff00a6d25590c2ea3238b741dd38859366d42021e1daf5590fa468894dc680a0500f30a249f6a518dd77699a02faa214de29f0bf0ee3f0819d196c8dfc32c4795e156f05f01f02e1a016637de25bbe698f315d5b497117b265bcbab5047c98e381d1318cf2aa8343452e7788f86b83e6ca4cf810dbb72c1ca4fd1744e75e97f25af201cdee10715c47ecab8266379f19f958b25e843f987d0ae3f33c33e26f04cd2647092ccdc5736def0ce61ffa9bbfcc2f6b8e4f4f29532d0013d0f4ee89dd7cf7c47c43c5f8b421d0f08f2e26f29979719cf0f22f5d468b6b83f8af0e67f97c4a1fbbc834716835f45eed19645e98da034eb4d6d6ab99f13781782f1f2d9322038f93b89a01ca7e7dd572c769c33d57258fc538591ff0b3b5c4ed454fefcf782d0db1deb75a79ff00641231a4f0ee2ce206a1b2b68dfc46cb94e28fe37e1fc97e17100e05ad144bb985770567785d1399c241c90e04b90dd652de527a9548ea2d240d4fe8b76791cdc56c5ddd75d1691dc8f915d597b70cbd2cb8b83f77c02dd09896970f7f979f8cfbd1af69fd56ce7c84e070f1d81afaad067a5edd6bd576a12b1c83e4f88320bbabcedee54cb4362c86fe20246e9ec6d4bc482b893266d5cb1b1c9e67303974e01b71baabe2b4c55ac262a792d05ad1a6eb7b04b8c80b9ed706b1da9dc8a3a5ad386561e66b89df5d16ce1b1ac96575547e53f9476d15fe90ab8480c6d5f65bdc285e7301d8823f42b4623fd20b7b868233195b9047ca8aa49d97d31bec10ddfb153fcc0f4d07eaa44596f7aafd92780d003a8eb67dd683165381cc9c836398ab3f0b1278c43cb76592340ee7cb768aae42d1933695ea2b778165370b8ce1e43bfe5c7202ef81d0fe84a89755166e69978ccfe6b00041dd523f4fe55a71280e3e564e39bb8dee67d09afe155c4c9247b6360e695ee0d03b926805bfca9ded5c31f19a8eb3c1f845f81316b7fa99d3331987b31beb90fec17a06542d38c6370fe9b5a1b47a05ade1ae1431a087ab3162f2232055b89e691ff371af8056b94cbc7947b2ae1d61a799cf9f9f24d7d3c533a4f373b264d4f3caf76beee25615972a2741953c2fbe68dee61bee095886a745c5f6f6a32633dac12977e2f2cb59ece3407e97aae83c192363cec88ce866c691a0773e93fb34aa2642e1187bc100ecaefc238cf9b8b09812228185d21ee0fa6bf5fd17671f0dc70b9648996ef4f4fc06076272f522beabc772382e64195341e507189e585cdae5241e8bd8386bc9c335f8836c7c6978fcbc5b3ccb2ba4c87195cf717db46a49d7f95963e3bfd99e732b3f5753c2ccb0e042c9c7f51a28df4d566c894f9127b3495a585399f12291c3d4e6eab3f32f475bc5e1dc759edd8451f9b0b1e07e201d5f1d7f95e43c561fbb713ca86ab92570d3b5af63e0203f83e138f4880fa69fc2f3afb46c1fba7885d2014dc88db2fcc687f60bcdca3ddc2ee472db75215fe064bf13c25c483deee5c991b0b180e83ababe35fa2a38e32efc23ae83dd587177793062e0b0db616973bddce54c659bcaa393dcc5a7cda6eb1b8da8a13cee9aec05bbc2838cd441e53bfcb50b4b7571c1c37ee9cc48e7f38903db935fd55fe34df2e2a67fe3569e19c91c3bc77c3f98911e633eeeeffd4081fa80ba4fb48c13f76c7cd68f5464c725763ff75c4f891ae8e1c2ca8896cb13fd241d411a8fd42f57c9647c7fc3c1f4393371db28afcae22ff7b5d795f0e6ae2e59a98e4f39f04f13fb87186891d504be975af4bca8c51d578b39afc7c921c2a489fa8f7bd57abf86788b789f0a67310658c06bfdc742b4e59df9473fcbc3ff0053d568e7c34e25731c5d8e6e7f0b2c0e2e13920374361bb8f82eeb3a1b695c8f1910c19fc3e4ca739b1b1f23896efa30d7eaab9e5be3ae4f8bbc79a47a7fd9940de27f6630e2e5b58e648d91a74d7527537d7dd79578262930b88711c27bedf0b8c5cbd7d2775d0fd9dfda261786f8143c338b624a58c6991b3c079f9b9b5d41f8ae2f89f1bc41e32cce21c2ccadc1c97970e61cae17b95e57263bc74fa6e1cf576f4be1f310f6c4f3afe206d740723d239458ea5709e1fe258f9b3548093a72b81a34bbec366208353640ea579b65974f532cbca1c6f6901cf735addf750c7e2d064f1fc2e11039b2e4484c8e68fcac1d4ac190c8b20b18d24b49d6bb2cfc278562e1713c6e211b49c98642cf32f52c7695faadb8a6af6e7cfd3d17207fc3b99ec88a9f134fb0014a4b7c6f3edf55188f971b011aaec7125f87e2a12dba33aa99b27458e63cad1677410c76f2c37a592b203cda28c039a115d130390ea77ec8241bcb69f35f4b4af9b41ba082ddd1203681369f3d8d069dd2e60e1437472168b3d1045cc03d40ad76bf99f54b66475b286eb52304c87634886d0680dee53e7ee744020b6b7a50208f822593941db750e7aa14a5ced1d77f658f94babb6e8ae922dbb79dcf455f918f8f919520c98239740473b41a1d958970e502cad23a65bbddba225fffd9, NULL);

-- --------------------------------------------------------

--
-- Estructura de tabla para la tabla `roles`
--

CREATE TABLE `roles` (
  `Id_Rol` int(11) NOT NULL,
  `Nombre_Rol` varchar(45) NOT NULL
) ENGINE=InnoDB DEFAULT CHARSET=utf8mb4 COLLATE=utf8mb4_general_ci;

--
-- Volcado de datos para la tabla `roles`
--

INSERT INTO `roles` (`Id_Rol`, `Nombre_Rol`) VALUES
(1, 'ESTILISTAS'),
(2, 'clientes');

-- --------------------------------------------------------

--
-- Estructura de tabla para la tabla `servicios`
--

CREATE TABLE `servicios` (
  `Id_Servicios` int(11) NOT NULL,
  `Nombre_Servicios` varchar(45) NOT NULL,
  `Valor_Servicios` decimal(12,2) NOT NULL,
  `Descripcion_Servicios` varchar(200) DEFAULT NULL,
  `Imagen_Servicios` mediumblob NOT NULL
) ENGINE=InnoDB DEFAULT CHARSET=utf8mb4 COLLATE=utf8mb4_general_ci;

--
-- Volcado de datos para la tabla `servicios`
--

INSERT INTO `servicios` (`Id_Servicios`, `Nombre_Servicios`, `Valor_Servicios`, `Descripcion_Servicios`, `Imagen_Servicios`) VALUES
(1, 'a', 123.00, 'a', 0xffd8ffe000104a46494600010101004800480000ffdb00430006040506050406060506070706080a100a0a09090a140e0f0c1017141818171416161a1d251f1a1b231c1616202c20232627292a29191f2d302d283025282928ffdb0043010707070a080a130a0a13281a161a2828282828282828282828282828282828282828282828282828282828282828282828282828282828282828282828282828ffc00011080200020003012200021101031101ffc4001c0000020203010100000000000000000000000102050304060708ffc4004910000104010204040307020404040502070100020311042131051241510613226171819107143242a1b1c123521562d1f0243372e1435382a2163492b2f1257326354463a3b3c2ffc4001a010100030101010000000000000000000000010203040506ffc4002711010100020202020300020301010000000001021103211231044113225132610533427114ffda000c03010002110311003f00f071aec8a3d484db447a850eaa41a343c9a11a29a319d0ec9a55dfa2635d90166b6081a8d54b648b4ddd853b11bd74bb401aea0152a277252d8a6c147a23d5d40a45f64c134a361004bb4a446efc448f50d8203ab6d100ea6b75202d6f375bafa27f97e090d2fdd1b8bec810240f7459dcd27b9b4016102dd303fdd200dd02ce8293419486e9ec48d0a6d17b0522235d52ad549c0b76486a75d946c00a0fb24480754c38ebd93616a984c1049bb481ed4a76009d7ba106d4008d344b4edf34c6a12aec42000b4fb243441b4004ca6d4893aa6c148ad11486a6c468f75203bee9d2102ea8aab4c0b3681aa8090401ba696fb6deea43e5d0ea8a3d3445d7409d9eca350448037dd2b3d94cdf6d14693410169d6b48d6a9203d90155bd263649c280206a81a8a5303f884135b0a49076521fc3aa5b6c130ebd91ba8d7f44754c27e907d57f20986d28d043621036dd08baeca7611144eb684f9b4d8249b08e809076dd487d521a1bfaa01a6ea53600dd0845ebb201bea91d53626403fba0d5e82ff00841f4ddf5516fc74eaaa2541223e1f245688aec1024c574401a2600a40931bda291680df43a23dba25d50900401b0bf8a74de5bad530754aacdeaadb08edaee81548f606fdd09b0800a5a24d1aa0e81401b66e9008bd0125005a67d8529d836e947aa498bad4da606ea2d11b2371683aec9d1ec01457b95018aad92dba04fa2405ea54c003b9a3f44068ad4a62bdfea929f41048929a742ad361376a40aa143ea9f43ba0a055aedaa6903d2b64c5da507e9f141bd34db7457748116ed37550dc6bdbe28006faa6351b5206c501a23a2555dd1414c09a47ba62fa200d36011d0a9f618a248ebd4208ebd9036f7413a68a2840fb263d90dbea4d7c10029069bf540d41dbba3f203f54743ca7551b09a41268d840dd17d10ddd03052000365348eca650103a200ee808bd53668168e8803947528af7284d835a340a28b40d6ec5a1ade63ec026f77386f40055051b111aa749015b209af8a8080d694b947ba46c14c2034be5d6d3db4a167a289aba4c0d0ea49f7408804a293b1dd175a9ea81682ff74c0aea83f8abb1b4984ece53d009d53a4729dc9099d8a90901368faa54a3703347670a5103aee9d0ec8f8153a01d90069aa68bec9a00165037a164a48badaed00455a3a14f5ea74468420004abd37742faa05f74f7b2e50103d88281afc52d2ffd14af453a074fe5144a42ba0211f54d0036b7369f5286ec6afe6829dfd806c508428e8248ee9f4480521d22906e91d140291481faa34ea9001ba136983a0290d88ee98dabb68a68452aab2a435dd2d7d94481d20377d4a2d02f5d14e844852082904d096bd764ab7ec8b4f4228a41168d1303549bb1a45d835d745225ccca3ada8fb85205b1b8f983d24694362a52c62377287892c02d70ea140813d3a2400d75a4ab54f945135aa8e8040add03f6480d76014bb8521122f7d131f249a08bd93aa36a3a9ec0952696b46ab4eea624d2a14981a20fb1fd504411677d93046d498b1dbf745269010404003a20a8e84797dd4abb14ab5aa09eea742246a9809e9683bfb26846b5d931f3283b1d4a1aab42eb699d4274856d05ca3b21086a8d07400d124c25d53418d504740822b64a8ff9be880db429ec98d023f6ee823d0fc131be9d8255ee98dcfba9d00fb9a40a037b46a93aeb416818ae82d076f9a4dd36dd493415689000ddf452452811d06c9809d008a40b6040421013401a5fba06db52634b210e36eb3da93410d909260689a193ca944066e41e57372ddea4fc161691b03613ad74bdaaff0084f95340a4abdc297e5513cd7a6c9206dd055a437a40ba4a89bb4d092022934d045308d3aa4090286ea43491aa6deaa02a080286e13ea8235ea810d8f64c512808a40729037d8da0804dfec90098d9340423a23a7b29d042ab5298b052bec41f921468053dc255f13f04ff00fa87c534224e8a405a5429014c0ced44eca21a3b2606ba27d5468468f4013e9f04ebdd149a0931b2474e9a7740aa346d340ab05013f824020080754eb4de924be65015df54c6c81b205da6830524a8a0bb4d95833bd1d13e8a26c176fa5209d8280008041e955d54b70826c574408a3a6a801080e94956bdd4915aa05451b559d91aa08b080b1740da0fba036858dd2010306ca35bd350868a4e902d7b2354c69b2409075400dd347cd080280994859db74024115efaa601a4074a08b177edb205f7d52adfba0131b20681080a494aec5754a90012ea51b752981a7708224a90d923498d90247275b4d002040ee9ed6903a6c9d140803d4a7682840ad09d25481a101034406dbe890bdf7099d46baa42eaaa9487698aad94691ad280d2d36286ee98dca04d005902d21609b52090002029147702c290200d7aa8904ee81837d523ba61080212d414d240c1d0a06a9520203aa34eba21142901d344c683540295904d040ca0249808048b40e94996a7ca5021aec952600ec8d8ea34406b61335d92ea8ee804520835d9000e8e250098090d13e88177dd096e77fd5480348123a246fa1a4e881a828047440f920e881009842680aee8a098d8a40ef681262cfc109ec8172e9b151add4be68d069b8ec810d909e95b5248181d91aa3608081d14b771b148b08bd10223b206c98aaa49014ebe9484107b94a9048a024514500420260a477405213053d3b208a7411a52481edb22cd6e87744b987c9008a4377bbf4a77aa048d7a268a411169a60200dee902ad3609a1a6ef44ae8a0650daa3683ec802b7d900364a93f86c8175b208ea98451ad900577402636487540280ad502cfe14fa237411aedaa039db2635d9303ba00b8f28babf640b3dd20374341a406a11d11d5301021d508a526b0b8d346a76d50453a4cb795deb14e3a576486e81213ad53a411035d02913e860aa206baee8aa51af608040ea9808aa250241d06a994375dd02bb45ea98d761a29501f3409dbe8911a2652009b4081d2ab54275ec95125031f04a81db752a006a115f4ec8205a75d531a268d3e2501d3540213a3ca0915ba06db2008b1ad69bd28fc3652274a48e807c1014912ee82fe4a41225c80bd12e64d3e5f82080da9486c901f552a21045a9f2a020ee823ca981a6e53dc200282349d685154a5450477dfa6c7ba9103976ea9015d76db4d9175b1bf6a40c6a3fd12a4c3472f6f82290245a2b5de90396ec1d7b2037401faa0575d1140ec7540ce82bb28b750a5f1a4ad03f8254a4d167f84106cdda08ec959524a89142ad04753a5fba903a234f9a62ab4a411a04ee99006c956bd13a400d91d114523bea483f040f6fc2806d0092840177b22c523a6c903dbf17540c11db745a77b8add3034409203d5ed7699dc26102baea754120e88bd692ad5016a4a2993e9d5032a36a4dd8a8b45b4a039bd9049e88d900a01a77e6413ae88144ea8a1d10481d34513ba7d0a06e502ba41bdd3ba4afd900353a68a434481d0d69dd304520445a413295d206108e880816f19f8a2aca757f24af540e8a6904d016a3feca7745006aee5dc36ca00fa13b45d8b28409c9143b640210309923b2883ba75af5faa03a249a2b4d503bd34f925af51a257d868a4068801a22ef4053d945c343f2412a037a4b43b1481a053bbf8a0435406d764c0ff76901aa00e9b55a022bfbbf12481822f5d933476d42446834b480adb4ee8243e0913aea8af7b48d58407327cdae835eea400a48d0408fc894345b5010742810d2faa76805340ad009ad2d351d100d3eea497c93e882250d0a436480eeed502e53684ca1021b688ae81341f6dd001ae3a13a23d8a051d0ee9d01be810468f628a35a6e9f5dec2093d36408070d4a47d9489d3d2744c6dff6411656bdd309dfba5d50351e5f6534baa0407620a0377ff552ab17a7c12af8205499f64cec9020202856a901569fa7e69d1ea504531f008210d408a0736aa45204d6bb202be45469485558d9216d25c3415afba01a2af9774017f1537b5d13c364203800ea1d94051a27428152974a4d4501a56c81d51f14dbba0025aa7a27481102af4510df82997239afaa0880993afb27d103e16823d69bb14eb44fe4840a91bdd7ea99d947fde880a3d76411ec8f9b8290efcd7482348a00ea9ff1b20efd35d501491169fd508014d40d414d08224236eca491d9002fa246ef5dd3adeb748a02c6c96e74a4d834f4ea532dad50202826869e6b475f6ea8048ea34fc5d534b440ae8eea6397a051211a200a7b0423a200e895a2a81a163dd3a40ba262bba021023436dd1bee8aa2806ca0293f8229155a840ae9481b1aa881aa62efdbaa02b529d209a1ea17d91608d052043440486e517f141204f441bad520411b94c6c810d9226ba27b1dc27bf64081b6fe1434fbda5b0d022fe281f4d52f9909817ec7b94aeb4ff6503034ea9969af4fcd30491768048411d8504568a4750a34806b46e8f4a35a43797b202abe0a513cc6e2ef2d92020b69e34ff612a34803bee8015568dd2029340931b24d1a25af640d1cba754045a003423620e89a480d0bbf08d7aa37f927b5dfee8bd3640b6ad2ca634d06a98db640dfaa0838a6354c840dd00829f4511bf740d45d5d548a5f3400dbd3f547452d7a6c958d9020690840081b459b488d4a612075ad502db65205bf98688ae5d01d3dc255bedf440c8ad5bd3a2576dbee8e9b6a934760802901a291af9a6d21ba9b24ef681688a49a9ec8180109b75d1445f2ebd74280eaa4a2d140eff445a075d923a260ee804de8823a935b12a400075dd1f974d4f529209248455a0636dca05f5d92d91d28dfd10084d2dfe282235b5303b2405dd0521a6e822410754eb441210d1bda05adf43f140d46a35f64ce8861a400048d4a35028295a4816b5aa88dd4aad368e96823a8bfd93df63afc108ea502459ee836983ed680e8923aa45aeee824364d45b7d53b4010937445a0a091296bd12a3d5486882251f1d4a6420120208dd1d36530d61176eb4026b545e948224937d7e29823aeb4974aea9d5d746f7ee501649ec11676b411effaa011b75ee80df4bffb229000d00e9faa08de88050011a6a402024c75374f49b521b9d6c7c5024b7a53176146f417d90052a4c6a11d1047aa90aad77e890ea98aa400149829388f8a4d16103b1dd2ee9f2fd126b7440c247e4a4d14121bd743ba055a74f924011a03a2913ba00b0822dd934ec7740a3b140abdd2f8a96895205ca07bfc93a5209d7b1fa20c7aea10a5bb822ad021d10a5b0d05a7cbccd71fedd8291002949a0f6af729814a7a72a811d36517eea41bd692703ca86d0bd142f553ab4015ee801b21345a0407640d2d3d8688df74080d0a2a9149f4d903d3a256801080bd10d344df540a469cdba040e83452bd35d0234b59a2843da5c013dd3630122b748374041595d1d0e60d23e2a04104f36e810d930123e9345147ba908fb208a4c0a25236540609f64e92098408023aa675dd08a411a15d53ad0267d923a207f1d92a1d100a6102e52506ef5eaa5f3a489efaa000ee6905453521a557ba68b48685763aa351bd21bcaed8fb5f640dc93d0d2949593a7ea91baaabb4dba129aaa09bdba234add351a3d90035b3a504eba77487623745202936ec8e890ba40cd8ba49bf147bdfc91b9b02903426122774055a06829168046a3a8dd03b3d923ea3d42134080f7429514569a208835f2520ef7401faa391108d512807aa9060bdd44fa5dec89487becb2451c8fa0c68a3d4953c28fccf51008ec55f606234d12286da6aa9965a6dc5c5e774a88f86caf16481f00b37f84484509394fc17530603390115f55b3270de7039011eeb9af369e863f0649db829f1278092f36d1a585aecb7328aedb2f86901cd736e88e8b99cfc330b8bdadd2e96bc7cb327273fc6b87715a4765153abd541c2faaddc90d23a94c69d521b9b44e8c268e9a207ba20743490b1d53404059ad92a41f645f740dadf6bb59238fd643453ff0031bd1458795a5c0d569f1597180e61a5169faa54e336d987136e63eaeab763c5681647fd964c4f572923ad2b06465e69acb2b9b2cfb76f1f0cb14b363728dac1f65a19113a20ea1f886aafb2e378d8500ab324100872d70cb6cb9b8fc556e14056a3a9eca549f53181f0d772a009adaa9691cc6959ec500ea9a0402959e5be8a34754f5d4744001dcd2447b84ef441a40acf5d905035f9235ec80b23425304200d3d4901ee8007b8469dd3a40081697a15268d101baa9f2e8a5688d7745298675e882dd3655da50228000d8ea8034d7e4a7cba58457cd4ca863207629014a6544fd14a0876413a6e8aec6be4816142085dfa6be8a46cefafc9224d835d116459add031a2094ad1a1ef68135a0da7b6810341aa101af628d8209095a0609db641d7dbdd217440d8a2d04c3456c47c42406bd693f30d6a2d20e69fef40cda901be895d947ec815841babee8f4ed453d41d74ec868869a1dd22db757c94f5294439a4155a7ba8a49dacf87427918003766ed5be2c8d63da2f7d3d96be0e2c9911f2c77bd9aedd574180ce18d99914ad6495ff009a7d24fc9736793d0e1c75369634104a2fcf1cff00d80eaaca38e587f312d02c68a1c3cf0d8f38b3018d12d72d8362fb0b5d2304197886a30d733434efc5ff0075c99c7a3c79dd399cb64ae3a0bbde972bc647e26c9a11d17a066f11c58f1b971e360782757755c5f17771195b23a4e1a0c447e3685af0592b2f9196e38d9472bdcd1f15848d4e9a2dbca0448ddc6bd96bbc7acd552f423c5b3550ad740a406bec8a3ec81a0280006b4504d22fba0908a806f646e9f4482000a4c004a441e8136fe124e877281bf9794368d8fcc3aac98c791c43b735a0d53f247ddbcd06c9d00f759711e616b481ea769a6f6a9977133dae7032b0d9235b349cb5a6adeabb8e1fc3b1df1b25e769696ddd85c43041958923598b72c239a59180fa35ad56ff0002cd7c13fdde790b6302c5775cd9e3bf4f438b3fa5d716c1c7c685f3bdec63003b1d5c7e0b85ca99b313e5b25d7d95de7c9367f1031465d2b6f468dcfb05a39ef8e12f8606399332ccd096df20ef6afc5b8a73e5be9cfc8795fb107dd45dabb4d8eeb6241e739bdcf65ae74246f5faae8c5c7a143a6c80981ee822959508fa2138aac8711a0bb50265942e9602b764c795bca646be30e6f3b43dbca4b7a103b2c7c9542910c041a1dd0083a2ce19dc25c9a9d28141874d42542f62b216fa6c2c746d08977526d52406ba9a536b6af4d92a64d800f6db7538c175002ef50acf07861731aec80ee576a18dfc4e5658bc2e592197ca84820f2b791b7f35965cb8c6b8f1dae74c520ab69a418de3f131c074b5dc9f0d643e68a16c2ee6000738f5f82cf1783f2e5718b908e5712798ebcab2ff00f4e317fc35e7a5a40248b480d48ecbd059e109b231f20f2873db2593b728a5c8e670b971fd618e01cf2ca235b1babe1cf8e5e95cb8ee2aa20755123bea5677b390ebf4502d234ba5b4acd86925940ee74f82c6e1d9481a2efa90956a4ec4a9334bb41148aa246a952650800093b744ea890900398175fc91a02689abea811165140774fea8241d34f8a05b6e983a1d12a0130810711d13d7d93d6aea91b2088b1ba2ca9256824d22bd44df708201fcc4fc944efdfe098140a0946d73ded63012e26805b12e24b89c8ec989cc12572386c56ef84658e2f1370f7ce0160935b162f5a5d0f8e387c9c3e3c58e51cbcdeb6b2b6bb2482b2cf2d5d3a30e39961e4d6e1d3b863ba1801e678ab1b85b78dc0629246ba771e5d2eec1f92d5e005a073822d7571bfcf8cdb4d8d2c775c9c99595e9f06132c355cfc784c8325a709b20f29c5cc91eef513eeb723e232b237005ce3cb4ee5d082ace4c36c4036527cd9896075596f75ade1e9b81cf264c4f872619e2240121d5c6f754c6cc9b6bc26a2b3876739fe73042c392e1e8738e82ba01dcac5c538e4a0069696165349a2d01c46ad20ef5fcadacac4c21c4b2a3e1f387d11f845b9aedeefe4b0e762373602f079a5d9cd70d6c68b4c7c6573e78656571fc4795f9af2dd1ae3cc0745a92816085b9c46fef1ca7f20e5a0365a8e1cd18d458dd76e35e4672cac60ee12ff7ba6da25046aac8d8ab493e8910510684c0252a40016ed0d151249dceff00c1522091a100a34aabf8d20e94e270d1e0a872c4dcd9de653a303a93bfc296a709c36e53982478880f50781a858b1b2a19b874f14f23637b45b5a1b5646ca7c172392b986bb552cacb23a70b8daea4c78f858ae8d9279d2bbd45ce14d07dfbaa481c65ca73dfcde6136686f6ac4e5c2fc790380b2090df7a5abc0f35b89c4227cb8cd9f1c06ba401e6ebb1596ad75dcb09a8c0d71c7cfb16c901b63c8dcab4cec16e662ba6f39f1cd5cae616eedad3e2abb8d65c79d9f33f1f19d0c03d4d05d47e4b65d9a46391ce799a2afad28b2cf4accb0bbda8e0c780f15c58320b9b007fadeddc52d2e2ac863e2790dc6d60e72233dc2dd6132e4cd30218d8c5d917ea3a00aae579748e2eb04bbaadf0dc70e5620d3d93249fa764da3d4401f0565c2b85e5f1390b30e20e0dfc52134c67c4f45afb67b56d1e8babfb2fe11171af1662c1998ed9f0216ba79c3ddcad0d0342481a0e6a5b2df07c30b59f78c996798ebc903435bffd475fd16d70e825e0992fc8e1706743311cb6dcc00b9bd882daaeaa15773e3af086266617f89f16c9762bb18caec999d4d7101971c4cbd0b46c06ebc3dbf801d8f41d97752f1f9e4e1f9181c4b23881c694b9c5b930372835c7f383a11fc5ae6870874a3fe07271f29d5423e6e478faee7e69d27555676d374ba1e7249f659a6825c79cc53c4f8a51f91e28ac74097006f4410028feaa0e6debd7d96623d57eca17a9ab089638fd4e208aee69765c23c2b943840e2d9b8ef8e2739ac818f1f8c93bfd152786708f11e3d878c039cc2f0e9286cd1a92bdc22c8ff18e22dd5cdc583d10c75e96d69cdf1fd961cd9d98b6e0c3cb26b70cf0735d8f049342c6c8f00ea68b42e9307c3f878ee05c01772f2fa4751d56f44d263d2def0287b2de8402c24d02074eeb83dfb76eb4d76e363f373b6117d491d7d96865e1c6e98c9c81bd7e2ac1ce2d246a47c16bc933b6737454cb18be314de4fdd659256b7f1fa5da2a5cde1f8998c9a2cb85a5b2bf9f986843b6b0ba891e483e9b6aa3e23001cc1834debdd461757a5ae1328f38f13783e5e1c1f246e12c27d575d171d3e0c82133c6c258dfc55f97dcaf71cfc87cdc3dc1cde78dadd4755e579313b1e573db7ca6c169d03afbaede2e4beab8f9387c5cc39bbecb11dfe6b6f2a30c90f28a0755ac3a8adf45d92b93ed8c9d7440f74c8164f7d50a5054974d94b71a6a9568884509915a24112495fab4b2a7490e6ba154811bb40db552f6ded1f140bf2fba635250450482068af82499b406c74d91b04510364069eca44e07f24cc7eba10745db7891924bc1317232b279a6f30b62619399ce61d49f60170bb7bacd88f3cfa93a6d67659e78795db5c393c71d2ff863f919da8ecbb5e0f23590f34cd3ead40eab89c3d432aacf75d870c6838f1798e25d441a3ad56cb8f9276f57e3e7ac50cdcf9b2277b6106574645728a0d3dc93d560f3b25e6493319117731b2e0091a55dad5c88729d23a391e59103418dd0574bee567978767430b6464ad7b4b68b6931c269a5b965db53867116e04f1452451c6c8dc4db5bac97f989561c722661ccf92279a90073794d583aeab9f946a609d80976c5a6cdfb233b39ff00e170c53baded157d48055af176cff378cd5619a2c7ff0005e2bc4257832f9cd8618b63645977be8b9a79bba1436beead38cb723161c4c1c9606bd8d32bb5dcb8debf2a5542e8eba5f65d3c7e9e4f2ddde8ff002e9ba0035a6a501234b466058e884ebe296c80e884202000077dd1d7ad20689b41374101ca37075ecb731001113b116b51bddc794f4b59f124a041d41d2ebaa5f49974989defb68bd0f45b38388f95ce0cc98a271d7faaee5e6f6b46016c41c2f476e7b2b11c4df88ce4761e34bffeec7649e87e2a97a6b8cdddd5565c73c73f397b2420d021d63e0a0ec873cd5924eeadf3727ef11078c48a16d57a194aa640d1397682875eea64da339abd1e3e73f0a767a04d1b6564af89e7d2f2d36015a793299f22598b1adf3242fe46ecdb3b0f65194f33c93a51d52dc68a74cb6b9f0a7037f1ce2820638c713473cd28d79183f92bd6f1b060e1d8b1c184c11c2d1a300d08ea48ea7e2aa3ec7f0a21e1dcbc9a0659a62c27b06f45d665454c2ebfa69a760ad1453ccd6c843436c3a80d36ed4b1643f0f85cac64f17df7388b7e2d811457b17bb724f61f35b9c472870dc29f334718232f634f576cdfa2e1b843ccb13fcd73a4964717bdce365ce3bac39f2f1c7a75fc5e299dedd53788f1195bcad9d98f15690e342d635bed6412abe5f0960f1090992196290ea658cfaafbadde1a633d46a295ee3cbe5b74b36375e75e5cb7edecfe0c24d69c0713f0e66e030c78792ce2306c71f31a6da3d8ae573f1628ddcbc92e0e49ff00c19bd4c3ff004bff00d57ad71070909713a72ddae67372309e4b1d24129d8b64d574f1fc8cb7eba7172fc5c2faaf3c9237c5ff003185bad01dfe1dd40b48be63b6e06eba8cde0d8e63e6879e20ed4341e667d3a7c952bb05b13a412c8f2de43c85a3f37bfb2eac39665d3833e1cb0745f679ff00058fc5b89d974ac6371583fccf22d7a378688860631ba902ddf15e55e1a8e48f14cfce7ca396d6725fa49009bfa95eb9c09b1438c2495ed6806cb9c6b42b97e46ede9d7f1649375d3e235ef2007117d47456b0414394dd0efd553f07e2dc3df288f1e763eb7d7aae9daf639ae2d2d24eca9c78cbed7ceff1acd87b8145609f1872975557755de27e25c43118461b5a5c4728a1747e1dd72906078af8ad3b8867b30a23b01bbcfc06ca32936b632eb6e9a69f1799d189e3e7ed7a95559a0c6771c87a8d54a0f0ec18b09972b34e43c8eb55f2fa2d7761e9cb8e4d1e81c4854b8e9ae1dfb10f244f0e0d0fbdda7a85ca78bf8188b206462b6e393d4057e13d974ee88b058d5c345afc43204988f8dc45b88007555c6dc6abcb8f5b78b716c67422dcc23949074eeab88037ab5dff008ab8449e4e681fff004ed0f277bd7f55c051d745e8f167e51e67263aac6e14140379b7596b5f651aa256cc91e5adb54afa0ea54c0b51037ea882eea27753ad12dba2088429a8d5a04958d53a4c03dd1311bb4f97b52549a065a68a4012d24e890f6241ee14838bb477abdca08e9437d53aadad1a5015b27a107451d809f9159709a1ce241d7e09443d40016b6f1210d93d1a176e0a7d271eee9b9812f96e1cc09a3d1751c3b2b422f7d1a09dd7293446321c0d37ae8b2c392e6d5b890dd001a52e6cf0f276f0f25e3bdbb88a16e5425f21934d072ee5619f861869edcacb6d69bd83f255bc33c4adc46801a39869ead958f14f1563e54518635bccd6d11dfdd65e194e9d9f9f153bb1e3192e2d79786fe63a6aa8f8ccc1c5e0114340166cbcce5925a20b08b25a740a8f264748fd2c0efdd74618dfb70f372cbd42c9c8972a433644a5f250164f40b1b7b5dfc1035b175fa2003ca56fa718166e804e8eb600f9a5637ad3b21bd77faa06468a2a40e975faa5ba01a13d92bdd207e21032803dca288e88355b6a8321758e5bf49e8b6387b399ce0f6dd95ad1c7ce1dc94086971b35a0567c371e4688cbc1026673b34dc5d5a8be96c26eb14ed762481a29cd7fa87fa2c873c3dcd764339b9468069af45b5c4b1df2e2b646309731c1b55d1567239a5d6da037b55c6cabe58e53d3665e212ca035ce3ca3a00b008f9da5e7b754a18dcf36069dd6d860f2cb6a8ab6e2b37f6a773482ed4ee981a585b191096495202cb1ccd27a8581adf49254ced9bd3bec678e4318cae09904b6495fe6e3f671ad5bf15e8396d22221e0803db62be7189ce8dfcec7b98f1a8734d11f4d6d775c2bed2b8a63e3360e278d0e7c4da0d79f4c83e637528cba747e3798c7e1fc967e16ba48f53dad73be1d6454e2656728dcdecb538ff8be1e3987f7187873b1a495edb7997980a3ad05ae785603581d0f1291b2121a5a5ba17f6beeb1e69e51d1f1b2f177f8b8f1b0b0425a43b7a3b2cd99c561c00d748d772ec2bf35745c8f04ca9f0b2e2c69df1bd920e68e469b0ef6b5d6712870a5c1639879f21c29e0ecdd765e6e584c72edeb4cee78f4a7c6cacbf10e4ccdcb97fc3b86c4798866eed76fa29e6f0cf0fe346581d039cf0492e7eb7d82d7c5663c9c6209f89e1cb9781138066345a0247e67775adc4bc34e9f89644d8d088e190bbcb8deda7b438dfa88deba2de5927558f8599768c3c359112c8897c241f49d7955171dc6fbb93ca06bd2976b8f8acc288460bad8d03d5adae6fc4b1074a5afd8e80a8e3cbf6e96e6c27834f86bc47e1c82403fe5e7bec7fe81bfcd753c0f80f17f10363c9c9cb18b8b20b3ad970d80ae8b91e0fe54dc173f19c487c592c95a3fb81a695e89c2b2f2d9c565e13832c3e7b581f1ba67546d6d581f1f65b66e4e15cc1e166f0e7365872649656d11434aecba2f0f71ae79e6c5c905b24649d7a85cf7870717c8944dc5ad90b2e32438539c2e9cd1d00b5b1365b25f1031adf5b9b1f96640dae670dfe4b1b35dbaf1d59a7459f90c9f3a3687535c6b9ffb7dd69f10c07bf3d909c874500d1f2c8dba3fe550c821c58d757cbafb29c0c7b8f33df211def655dc5bc2eba7319385e217e63e039b1370a279bcb6c76e7b49d057b2dff0e63e6e34b23b2a58df0f3535c0105c3bd745d202c91a1a402e68d0951744797d2d35d95b2b2fa31ea76d7e278f198cc911144ecb8de32ff21cd9bf235d521e94745d7ca3958e69dbdfbae4b8f30bf1a669161c2b5d966b4ef1acaec59b2262cc6c6748c7c3caf95dff002c0fe775e61e22f0a66706c5394e9a0c9c7069cf8093c87dd7b478624195c13031e5e6682d3ce1868b9a3f85b8fc4838970fcfe152c31b1ae05a29a3404687e4b6e3cec7365c732c6be67ea6d142b659268fcb95f1937e5b8b6fbd123f6500375dd36f36cb2a0e1634d0a8f2b834902d64212177f8b452ab1d1ad692eaa4e041aabb2a201048280e8847523f543bd248ada82012d89a52d75205d245a4006c104d576410a472fba777d12014a4c04b63428fc14db1b9c3615dc9d14d8c60d1ee3a7f6a8430eb646e54c374d373dd667796d0ee567256e6ec9501add0d134336145e649c9ccd04752745bf851d4c43eefa1a557f9bd3b01a2b1c5ce7c4f0656f98daaad8aa652e9a715c665dba08f1593b7cbe5bd3b2a8cac092095c059f92bde0fc4b0257b4f9cd85fda4154ba2762c19acb8fcb9456ec7836b9a6571f6f46e3c79cf6f3d0d95add612e037202d79656f35f2538765dae7f0773490d12b01d74d16ae3f048daef364e77380d8eaaff00958de0fa95c87dd9ef6f3c951c635e5ded684dabc9adb45d5f1885b107000d7b8a0b9576eedf536b5c72b5cfc98cc7d316fba906d6c91ed49bafb68168c4af5b09b46e547a8f74c136ea074400eba047c82601fed0991d4fe8822dea8dca6022892811007c9303424a08d5486bf0403436acd69afc57551e286f03f0f65b794b5d1bf1dc45d891ae268dfb1d3a2e65ad6861a69d0dddd2f53f02e362cb8fc3f0fc41891b608b7190e25de4c9f80c606c79baa8b370996ab9965c523fd24126c87753dd670d06f9d8da3b8a0bd8b88fd9470c91dff0b95938c59d0d3c7d48558efb299c59671884b7fcd09bfdd61e367a7763cb859dbc8b361e7a0d1a33b05a3331c5ae0000dee57b29fb269cbae6e2f186bba32137fa9565c3fecb780e035f2f127e466b63617bbcc3cad006a740b4c7fdb1cf297d3c0389e3bdb8f872be3731b2c36398df30693aaae7349354baef1ce2e2c595872f0e6c51e24de6be289a5c795bcfa020ff0016b98adeb60b48e76b3a302ec6e87135436599cb1bc763aa0830f2ba3d74e6fa2ec382e44eee09270b10b2c648c86648753a376da77d171a74758eebb3e06e07083da473f2d33dc95972dd46ff001f1972ed3ca91ade23810461dcb04619445d6e687d4ae81f96d8b1dc653ca451e53baaa8e1763f1587265c376441113cde5d123dc8ecaea6cf19cff3787c1878443359329bcdcc47f6b3bfbae3cff691ea716530eab6b86438f9f84d9f1f25ae7b4f2c8caa700acf160788cb2591c3a5f75cfc129cacc8a405a2611d492b62f2daf37a53574ed71763b093ad6a7dd61e176dbce2b73f91a6400820681725c7002ca26c8d4157dc4dfcb2b85fa4ae638bc9cf74740afc535587265d2b3c2f4ff103a122dae1afbd1b5eaf1e04678d4b9218d3e7b19cde9ec1792f87e418be2bc5328f4bdfc9a7772f6ac03e96b87e26e80fc17572f5db9fe2eadd2c0db31dc2f98d68074ecb5380f083959ae7ba42dfbbeae17bb8f756d838f6f1cda8d151cace251cf2cdc273f1f1b3d93164f8d90ce66c82f423dabb2e68eaca7f17dc4f0208a500e535849f4173c0e73b902f7e8b6f8235f3473c53802789d46bf30e8554713f0f338f458b93c4d8c12e30b8dadd9aeea42b4e1127933bcb8bb60cf56a745a74a65d62de762b6af96882a260d1c79a80e8b784ad959e92dbdebaad69c7a8826af44b248ca657ed4fc45ad6477567bae478a873e178dc3b4a5d8714ff00965bd972d9cd21840dce8b26f8ddc745e16643270de1d106913f927d6dfca01d2fe2b43c6bc559c3f8666e647e9c98f1df15b7a92282d8f0b18870010cc0ddba9c5d56d2ee9ee179ff00daff0014116341c331a5e66cd4e713f8835bfc2db8f1dd636f84b6bcb00d5f46c936530774c501ed7b9488d0fbaeec669e5dbbbb44ee522df752a49c14aa8bac34fc12d79751f352a27bf6a4068e6bb234a418c36838bb41dc20e944d9ea549c1a5ce2d0402068875d51d69021f9b5e5bd764c387200194ffee489b22f401302c39c7a0b2831d57e2f82936fb0595acf4d916a61879a801a7babe95db5dedbd4852e5a155a2ca6ac90340a27f01d77eaa346d8dd7cb43a94afe8b23083136c8b37a25a121b4798e8056a5128d7a480688dafb23cc77e6041256ec0c18af699631364169fe993a347bf73eca39987918cd6fdf71a5879e9cc73868e07b7751d7da5adcc0ee07cd65864744fe680ba2777638858248f95f4751ee8163406956c9eb49f2b3d55b378df1263406e7e450e85d7fba24e35c465b0fcd9abb5d2ab1646e12739ee769ba78cfe2df932feb6249a590ff564924b3f99d6b0f945c1c5bea737760eddd4f01ed6ced926844ed659319240f8923a225c9323cf96c6069d1c1828387b7b29f1fe2972b6edaec71f550dc510a2069ccd143b29c8d0c7b1ecbe43b0f7ea11603a9a4721d511b633a6a7a25f8b507559e48c06d8d5a74becb111cba6889842fb94c5f729c4d2f7b5ba02e2002b2be2731ef6f56bb954c4b151406d5acbc86ac0b0a20127b6b49a4319481ae8a47f111d921f8b51a28136bb42d1a15d0f87b3e78a4c88e4927998fc7f2c40c712f928db58d235147d5f25cec66e56022acadf826971728498f23e3998096c91bb95c06d56a7e90fa73c21e2fe1bc4a3e1bc2b273a33c60e2b1ee68d03f4e87bfb2ec9acabb77e8be53f2dedc18b2f868820cde1ee6ce7ee76f7358fda47bb615dbf9b5eebf663e376f8af879c6cc7359c6719a3ce60da46edcedfe556c5e576b202e68dfe0b89fb47f1563787f0db8063f3b3b88c6f644c0fe56c6caa2f71e9baee5a79798bcd002f7edbaf993c71c5a6f137da0e6cb881f2b1b78b8e236875868abd7a136544f65ae6b8ae4327c5c0c71e7876346e0e6cafe605c4d92cec0f75565b409d74563c5b24e4f1194c8e790c02261780086b4551aecaba4f4820511dd5d541c7b2c4e177aa0dd9a1a25d0ee3e4822edd5ef87e6a8dad3a807969521d96df0998c521db554cf1dc69c795c6edd0f88339d2c91e36391e63b4041ad3a83ec9e0708c8c811ba59431b1d86bc13ea24eeaaf19c58e9257339a47bf91967f0ae871384e448d6fde25e464a752e900af7586a631db85f3f6de831389630271a78f35c0dbe3b21c7e0ac382718192258246b9938243987f2d2aec8e1dc3e21e5e065b5d2b7f346e37f55118f1f0e9a29e100c8585b2891d64df5596bc9bdbe0cbc5a7239a303d405592b99cd9db54e3a9fd164e29c4bcc99dd5a36a54f33f9dc4efaeab4c38e472f2f34ac13c8f8b2629e324bd8e0e07e057b3784b890e23c3e19da6cf2eb7dd78a4ee24176cde857a0f82fef3c1f2470dcd6f219636e4335b05aed452b73cde28f8bc971c9ec9c3a411e3873dda3413f154f2cde6e7c797300d1182d6f42468a7148246471b41a756a3a2aff1032539660c66b8f3007e14b9318f430932cbb748fe398e0b4f302caa20744f1f3f032657033376eba2e4b1785b29a679873937475a57d83e1cc677f51dea6761a5ab6e7d34e4e3e3c22ed911d1f8eff45ee35fd56790f375d428e2c51e342d8a2606c7fe54dd57447ccf550e2eb7d2ab891aed5bae7b88904b881f955ef152d0c738745ce65bedc07c8eaab669ae3e9a98fc722c1c18b1b23159362b5f2ba49449c8e8401a577bb1a2f1ee27c432389f109b3335e649e43adf4ec07b552f4de31c1bef5c1b3192c4c7487fa8cd3623aaf2b70dee8b8750bafe36ab93e4db3a63f5136ed903aa90040d6cdf440abf502174b8e9065dea12fc26b42a5606c52e6dfaa2a5760a8802f6d548754aa8a008f651dd4fa21a0869357ad001063aae88037da8f4595cde534563a4194db839a3f10ea1646d31b44ea7aa8c443233e9d49a4a607cbe671167414b455003971f5eaebf928385b6aeb559aad83db4585dfca8d86ef2c900b9ce206a18164648436b1c08c8ebbb941be90d20916d5919636357b9526d2c470832592f96d95ad70f43f63ded58f88389e16762c1170fc39f1591bcb9fe64de6593dbb055d54d6d6d5ce07c545ce3e59693436a0abe214ed1e563bc6a5cca3f22b07283d06ab3bf482007b38df7ff0074b1b34b054d3163668f20fc912e87dbbac85a1cd1468859216b5ef63a407cb6fac8bd5562c3222107f4048d73a839ce69d35e89477e596d8f6a093352e2efcc760b2f296901a05ab455a6d16e2c79d09d0f63dd45f6d2439bb68b24baca0117f0591dcaf639af772bd8685fe61feaa3444184334d794f4add29a2e47d8be5ec5277316876963f45b30c825672bb57150b46bb0189d1ca1bce1a6e958633d9999339706c5e6eac1dcfb2d2c73cb33a37fe1d827237924a07945db4f62a7d15679386fc5c30e945176a01ecaae36f3024d686d5df0285fc5e78b1725d2806c17b35bf99d00ee4ecb365b386603e58787c272c901a269cec7f310d1a7b6a96931b66eb98fee37d523a8228e9f5573c3780667149ddf718c08efd533cd323f62576dc17c0f850863b2c3f3a4ddc1d71c77d801a91f1a56c78ee5e98f2f361c7d655e738f1799931358d73dc75a68b5610703e2d230f978390fea1de595ec587c1fc8672e3b23c66f68581bfaeea6ee0c1df89ef27ddc5693867dd725f9b3ea389f0f63658c47e1713c3e221bc8f63218dad858f63b52e91fd68f45cd70ccecbe119b1e560ca71b370e5d0d106fb11d47ef6bd525e0ef66ac9656fc1c554f15e091e5b81cf84cc47fe234863ff00faab51f153783f9538fcfc77aca3a0e3ff006a38b9df67734f8d7071b96b15f003ab09d0bc7f94eabc8bc3915e464e418a1923c6c791e4cb2166b440208ddd7a8077571c4bc3d8e19ff06e96092e8b663ceda3ee058fa52c11620e13e1dcd664465b97347cde634798cf2f9b9431c068c36090e2b2cb8ee2ebc39b1cff00c6b983b59ab20026bea5639806c76e5618386fc8ca646185e3980218753ec0f72ba7e3478770681b8d85858a734106691e3cc119034682edcf754bd3a31e3b679382d985c01a76a0d6ea21bfd32aef37266e21cdf7a98bf9c686800c76b54074e9f3eaa988318734b4d834537b56e3a414002d3609b3b29b8d1a513aa8255961e4b2cf9a051a235d8ab3cdc7f32181cdcb9267c9bb77a0b9af850561839c71c9bd4d5023a2a5c77e9ae1c9e2ef38045c33131af95c5c45b798d9777543c7b25b24ef735c086fe123aaa77f1395ad89cca69682011eeb565cb7480f35dee4aae1c737b5f2e7df493e5b7590b1c7fd57d36ef658dbcd2c9cac0e24ed4ae703139087685c771d6d5ed919632e4d4cac7ff81f4b680d7657597c5dcfc1e0199cef7e4c2c7e34ce0da0c6b48e41ee691938d58391ce416d122bf65cb35eef2dcce778639dcc5a0e97de9566b26b678595ee9e1be28dc83092ff00c4ddf75d09699b21ce75558a21788f83f8c9c391b8f912536bd2e3d0af58e0fc5d991112d2df31ad37eeb93938ecbd3af879664e9e28d81adb607695600b5bacf2dbcad24edb7455bc1dc3ca779b65c5bd7a2da867880779a0ea74594c57cab701079803becb5f227ef76343a2c33cec68222759a547919a4c87d76edb942b5e9492fdb271699a627d9a1a2d5e1d89e6c9e64a3983b501648e17e4b819469fdaaf3171431a794017ad5acf7b5bd74aac9c502175b34377f02bc27c49c37fc338ecf8ef6fa39b9983bb4afa3b262e700eb6decbce7ed1b801cde1c7271e32eca80fa686ae6eb63f65af067e392bcb8f9c79400d2fa005babae8831b4017567720a4e0d7c85a2c74db62370a6d6c36685557cf55e84ede7584d899cf4ed34b24ac41a09d0fd16e35b0bb9b6d54f85b1aecf028726c6d4c515fcb5a95122cadbcb68193281b071a58797553a18b95368ad45aca5b5f14ab4a50309d77011f4595a2cd245a4123aa9137e8cb228ddad77b8be41d8745b190f8cc0d0d73cca4fabd20340efdd6b307236faab5aab30ff960ac52534d75526badb49000820ee81307335805f3510b306f331b647a8868af74991bdb8f14c5a4303880eaeab2b05ba33fda0bcff28232bbfa9e91601a07d869fc2c52fe0b0755653707cd8b059912633db8db87d835ece0365a25a642da365ce03f54defd1ad23381fd28ae846c03eb6562235ee3653c8a3992b9a7d3cdca3deb449fa3491bda8a9851fe243c16c6d162e47680f6ff0074996d81c8093ecad3127c2c49c0e2584ecb63e06b4339f90c557b2ac4ab9cc0d77a4826c5fcc5dac8cfc3fe6d96f7149b0278e3978763cb006936d965e7247b69a2d201a05b8817eeaf156a39bff10755075171bd48eab2bf94e41374075052e5f5904da0c64581aa509e57ea6964768dd3b2c241237a5148da9da001234596adac5c739b1b9c1b51b685fb9d87c562e1713f2e518cca05d64b8ecd03771f60ba4c7c77411c6cc489e4ed036bd44934643ef7a0eda2b6337edd1c5c7e7777d44f1b1678b1a4e1fc2a1f372decb9cb481cadfecb3f1d7beca5e1ef07e64b9ef938e46e8e00748c3c1329ec08b00773d3a6abb3e05e1c661e2f2e502f9c80f9de3717b307beff00a95d4c3811b1ac25a04869a0014d60ec07657f1c77db83e47cacb3b6613afa57e070d632368e4632260a6c6d14d68f61fcf556d063b58df4b682cefe48dec880dc5df7d765b11bda4bcddeb4a2f27f1cbc7f1e5cb79dedac22ec12e40b77cc1ad1585b4d0e27b2a4cab5cb8319e9a8e60d8f55ab95134309236d56cc849e22d875a6c45c4835449a1fb1fa2d2e23211c2721e090f8f475f715afcc6ab5c2b8f938d599b80c9197cb57ae8b96e390322c09b1f25af744f1e80d7539ae1a8ffd3b583a7ce97718843b84634cfe635035c7977fc3ad2e4389cb8f959790e9cb4371bd2587bf41f0eb6b5cb926bc72747fc67c4cb9b97f5ba93da8308b38361f98c1597237d163f003bbbe2568713f0e71b9d85ff7095cd22c00e6b9c6f5babb3f44b8864799c43998f8e525c0935609f87f0ba2e159b0f12fe80060e20cd3c879d1e7b309d41f63baa4e3994dfd3d6f9bf26e1fa71cea38484bd8e7c33b5ec7b74735c2883f05873a320b9c7e07fd5773c5b11b9e1f1e613f7816d8a770f535db72bef76e95476bf65cc0c4924f360958e6cd0d87348a34343f458e7c570cbfd33e0cff003e3a8a17573737e5e8a2b3e4c06099d1bb6074f71d0ac4d1675d96659aeaa347a2cd140d95dca656c6e3a0e71a286c40d752a55a1b17ec54a62c1dc0b88b23e7631ae8ff00bd8e0414a1e193b9c39c103dd6b62e5e4e3b088259236f60ed3e8b7e2f10712600064070f78da56765693c7ed75c1f80cb2bff00a7fd3ece22d5ff00f814381cefcb9a28a3df9dee0dd170f3788b8cbdb5fe212b1b555180dfd955c8f9257174d23e43bdbdc5cb3fc76fdb59cb8e3ea3b2e31c6f85e3e3bf1f878765cc1b44f2f2b2be3d5714ea2e2e2e344e8005945091c492741f5455d822885ae38f8b1cb92e5ed0005f359b575c0b8dcd8396d7090968d28eaa95cc22e895b7c30b3ef8c13b1ae638d1074dd3390c72d57aff0009f15c19713bcbe76c9b804f4560ee25348f6ba3711a7c42e3f1383e2c7e5f28e5db507aaec782f0d3a174a5ed3b02171e72477636e8c7de721c079a403bd69a2b4e1fc31da177a8dee7a2b9c3c08dad24b474eab7b9035ad0d0dd36a0b2d2de6d2c6c40cb7387a868b6dad05bae9f0403a1036fe54d8d2e143a24915db5c460176a482aab8b40d963319fcc6abbabe2d2375a19b18319aabfd556cd2f85efb70bc53c31c373f11a26c463248e5e5f3221cae21d7a93d57279de0430b79b1b22468ea1c2c05ea50b0cd248e3cc1bcd609db4561c13847f88e60047f423f5486bf16bb2d70cf2f4ae58e1abb703c0fec71f99c123c8cce22f833241ccc6065b437a5fbacdc37ec6e68330bf378bb1d101a79311b5ede62e5680dd00d805825249a6ec742bb665a8f3afb784f18fb267095cee1fc44eba912b2ff654f2fd99f126b4f2676339c3705a40faafa1a4c76ea28d0f75acec4638ea07cd5bc91a7ce53fd9f71b8ef97ee920afcb2d7eeb55de0ae3ec04fdc6ff00e9782be8f9b86c44121adbf60b425e126c96823e6a71c95b2be6dcee0bc4f0798e56064c63b86581f455e082d3fddefa2fa6a5e1b386d31cef877541c5fc270711b3978303dffdcd1cae3f456ebe8dd7cfae6be576ad22855d59408c9a0e22bfcbaad992cf9ae686fa3605d767a2c9c5f0df8d060ca640f8b271fcc8e46d81a1a23e20a943008e36c65ce045edae9f40b660f21f2064100e6b6874926a35ec169bc1f2d95f848d68755b1c3ebce0dae6df6f8153b185b2918d346c8da40f4f3134742b720c795a247b5ad7500c6f2b81dcdeab46225c6516073026fdfa2b07e5cc70317cef29c1ee2f37183d2b71f04d6c5bf19e3b8b97c3040ce0f1e2671004d941e791cdeed6f4faaa3c52c6b9ce7014c048d7ad69fbacd8f9a6271a616de96d92efe20a7c426865c17491b395ef7860059476b3a8d15663e29ded52d1fea7fdfc94883cbdd0cde81147ba9226a0c04b68023dfdd6c4921398f6c8f7beb4d5d441aeeb1e38f5802edce1d541c3cccb949d49724f48daf19990c9c3cb1ec939daf6b80019b6bf55863c98442e222939bf10b2d1a7d16ac519f266ee396abf558b1c35d7636142d5e22a4f7c0f9882d9458e63a03fe8a32c5109090e6f26c09357d560ae6f379eec34d0ecb62736034ec6891f20abb4313a01ca4b5e2beab1f92ead0823b8d6943969e795dca7badac087272f271f1e08ccf34cfe48d9b173bb5f4f8a2625c28bdb2cb8c1ba6480ce61b820d8f95eff00f656bc166ce1c6f0dd880c994c95a1b1b8df36b42fdabe9f253e0ec74593926569e6c481e40b0ef59f48d7e2e2bbaf087078f066ff0013e5e699913638811ff8aedfe82f5e96af38f73c9179f1c3785759110cc811021e6375b88d43a4ea7e006816f31dcc5a6fe8aaf139628e47b497796dd0f571ff00f2ac7187280d23d43d3f356cb1d3cac72f2b6d63925073fca0e1ccd63496f6b71a3fa1fa2cfc3666cf8c656d72ba47d7c0388fe1739c3b34e4f8938a48c171b5f1441f7a7a49040f99fd55bf85dfcfe1fc379ddcd73beaf72ae58ea3aa75976b571a0b0ceee56b1b745ef6b07c4ffd8153275aeaabb3f2db1f1189a45b31e09329e40bff002b47c4d9af87b2a48bdfdaea0c1c88f27897132c702f8a46c27da85fee557f899ce831a79003e5cf1985e0747512c77ee3e9d953b1f3705ca838a4ad231b29d5907dc9b27e5bfc8f75d171ce49783e635a416f944820d8dac11fa2d70bbd6518f3f1de3fd7247827ff00c9387f37fe432fe8bce7c7f8b260f156e5444f9190da23dc0ebf25e89c15c4f87f01c40e630464fc7945ae33ed29fcdc3201ff00f7c7ff006b932c7cb754f8bcb971f2eb1fb79ef3ba37176a47e21ef5aaf51cee0789c484ae2031e5b1cb0cb11f5005bdfaebdfb2f358182663e077e21ab49ebdc2f57f073bcee0fc3f9ab98e2069f7e5772ffa28e2cece9d7f3b0b8e333c542d12e7641e1bc4f91bc55aca8263a3731a3604ff0077bfd55567bfc8c29e79585b3c45b0ce4fe2e51a347d451f87babcfb42e1f7871e636dafc7783ccddc34ee47e8b1c51b38fc734595ca389088c596068322123d33b7fccd344fc0adb2ea74a7c4e6f1b33fb79764ccfcac874d21d1da8aedd1633406975dd64ca8a5c5c99b1e6004913dcc7577069620456fafc5716f7dbb2dd9e83f36fd4f452f49346efba47609d0aae8a41f0489ae8022c6d64a08f556e7dfa206d24ee5498c73c39cc692d157a6c0ec908ef63af55b192c3148602f6bd8c36e7b0d871ad10611a8dd4b90968e56d81db550a3af6a59217be13cf13cb1e35b0540c41bcc3983ec5d7cd4f5d6ac11b1ec56e9c9867379b090e22bcc847291ee46c523845cc73f11ed9e36b6fd3a387c427b37a77be1acb666f0e6381f5b4723bbf32ea381e73e2944725900e97d9796f8433c60f110d909114b4d3ec46ce5ea0d83cc01f1905c0dd8ecb8f966abbf832dcd3b8c1c812037b2d87482c539737c2a590309b36ae617dd178dd631b658371a0f292b24469a4ac45fcad2364e377306d774575a8cae713b2d6caa6425c402d1adad90df5d58098c3933c8c78ddca0eaf701ab42bcc76a5ca63dabf85e11ca8a366303ebd4b8d8e51d57618586cc3c76c7181dc9ee8c3c48f0e16451ecd00177534b61ce05a45ffdd6f871c9db9b2e5b9fb637482a8ddac5cba5eb4a400b2404c9bb0696acd0347e2b17924bb5d9666b08d4ac96d035d540c2236b6c10292f24106f6522d75eb75ba90b3ada918bc968154095864c60edda16df2eb6027cb6372a348d3e308c0941734fa5dfa57f2ac27c97cbe1d8a09b2e1f2b0e5ff8684b6e4f57e2a3fdbd68aa5c1c86e3ced32379a3d9e3dbb85b9932b1933c44dbb036674f9adbdb3618fcc746185a001df4d56d70df2e09d8f98d30d827deab4efa955fe7bc3881a5ee7759311e1b90c37eb3d6ad5a031c1f3dc2b426bf759e397cc8996dae41e5923af6589c6b2a67127579254a3bfbdcac03d07d40209c7a8e5ea342b24fa61b23d6fcc738906c1d9628896bde0efcd69e4b8130b40d9b63e654e48616d97bba697aa01bdd36d17b875299681b6e5534b9e27a72d80ec1c0851c325d9c4816d7124053899790d24902abf458a00ff309229dcca55ab58a27bf1b2cb5c19cad69a26cbb55a107a19292688d02d98872b7200fc419fc85aafd2194937b6aa5118e3b11bceaee6dd6cbe30e79639c410743ee05114b5f0985f19ad439c1b5f15b39628442c96b8170fa91fc2489d3566c770701ce1c3e84ab4f0fce786e4cb9cd6c6f931a326289fa38b9e2ac7c02a97bcb0e97cbf5528e5648e064b03626ff00d955a9d3a6e038c4f099e5a0e7e5cf0c0d1b5d1738febcabd4b2833021c6c16381c90de69287e12edcfc6b4f82e2bc3be5e060e04e581d246f9278a27ebea21a1ae3ec289fa2bde1ce7cd3492c8e2e7d3a579275206a4aece3e3b66efa799f2f97bf1c3bb57d1f2c7146d03473c0db4a0093fb2da6ce20c07cef34238cbc93a6c2d727c0fc40de33c433198f1918906312d79ddee710dbf61ae8aef8f177ff000ee5b19f8e56085a3dde437f959e5d7759e385c6e38553f87219a3e17065796fb7032c87feb3cdf5d07d55ef835dff00f0d611bbd641ff00f91cad31b098387498cd239f979401b8200afd40f92a9f0cb4c3c25b013ff2a79595d873730fd085971df2976f43e5feb659fc5d5db82e5a195dc4e5cd73090dccc91146762618b4bf81712ad38fe5bb1b86c9e5599e5fe94606f67afc92f0fe237030db2bda08898228ec80286a493d0124955cef8c53e2e372cb7f4b79786c13f0c7614e1cf89cda759d6f7bf636b87826c9e1f0e7f06ce25d3e2c4e313bff0036037447c36fa765b3c53ed270711ee870617f109eeb9a31cacbf63bbbe4b88f1378c32f8b4d04b2613312586f90b49e6208d5a49e853872b8ff00f1d3cfc73971b32f6f49e16e0df0f60106c1823fd970ff00684fbc7c527f0898ff00f6aecb00d786b860d01fbbc763ff00485c678f31e599980d89a5ce74921a03fe903f75d56c98794795f1f8f2cb9fc67d3919b1e4c6733ce058ea041f8af50f03cfe770bc091a1a0b659a0757bd387ea579ccae923c010e5c41f2bcf3c72b9deb635b6d2daec4ebaeabb4fb38939384ca5c5c437323757f948e5d3e6a32d658f9c7a3cf729c571c9d8716c4666624b0beb9256163afa03a2f3ac3190cc48258de62e2380f3187f6734d51f6207eabd566617070af65e7dc571fee7e26ca8dbff2b363190cff00adba387ec55b8b2ddd5793ab8773e9cc78db01b9f00f1070e8c30484479b081ff265feef815c580396ec81d885ea3c39ccc497883b21824c530833c4469247603b4ee2c1fafb2e1bc4bc21fc1f8a1843fcdc793fa904b5ff003233b7cfbae7e5e2f0cb51ea707379e3dab00a00d56a3aa6ea2f77944f29db986b4938741b5a77afc16723a368d505908f4dfec935b5d6d36eeed1108b74268807ba6d0431ae0796dd609d5006b674526022ac0206c0f451489343883eadfd93e9e934a424f667d1306c681baa84a02c1d549a4b5dccd3ca47e6eca406a2af5d056e4fc17a4f81becda7ce0de21e20e78715a39d98db3a4ec5dd85f44de8d6d43e09f0465f88627e5ba493170236b9c260dd6470e83fd577bc31b370d7438d992b658df1b5d14ed14d94771da8f45e9b8d0371b8762c7031b1b2c369a34a3a2d1e1983e463f96f8d9262c96e11bc73069ba25b7b2cb93099c6dc39dc2f6e7e18daea7b08d7a2b0883401cc45f4d575d89c3f0796e3c58dbf10b64e0e2b4db608c7c973fe074df92e40f98f02813da85ab0c0c0ca900a639a3bbb4a5d3c31b1a086b5a07b0537e8000ad8f0cfb659fc8b7d2ba1e19146de69c87b87d02cf89b39e072f39240036089c9737901d64f4dfb75fd1662406968d80002da63231f2b4dee346cea56bd1e65919ab85a9bf46ba95908d003dd4434debb200a21653f85128bb6d0ac61b7d2935987f08863af4d151ad48684da4f31d56615ca504068d58dc09275b43cd92a70fe0d7ba25f0e8161a3a56ab3b5e5d18bddbd7bac7136c6a90f4cae0b49d46690ad9387fe7b7bd8516ecff8a9c4796669f7b568ab28f54af274b27546412c9e378d39bd3cc947ab49ec0d9f9a96534f90c92e9b7ca0f653a199e0358e75d93b279d432e9a34635ad1f458e37f9ac606b6c7a6cd6ddd3cb20e54a4742a3e86003571d77591ba6baac63d4081a12564b2477f744c64840739ee36698e3bd51a5002dad34e2e24b81ad48eeb362465f06590ea0d8e8d7b9a57dc3bc4acfbbc1165706c4cb38f18c76f31a140e8687549fe90a8c621cd9b6b74640aecb5b32beeefe5a1b02afb2b88479fe7438fc1b0f05c1ae717c377a0d8dae7f25edfbb7e1a2483bfb29ec4b83eb2b491e9687487da829cf666636f980a1654b84b284e0824968656db958e5f54925db4871235d0eaa6218e36c07203720cad8eb47c60120fc159c0ee1381273e3c73664e3ff132181ac69f6675f99f92a999ae0ef4927e0a5146e730d38e9a6ddd27b5afa7718306765e6c71cb2b6174b1098b87addca6abf4215dcfe1dc38a273b2669e798b4b43a490868e6f48d056e4fe8a1c3622cf11e431da79303223ed4003fb14bc4dc51b0710e178ce35cf3b27900fcadba6fe86fe6baef7a91e5cdde5b311e1ae1f1f0d7659c72e2c9f1e2fc475bf335fe164fb43e2736370ce1f8b86f73723225e705bbd376f87a8851c598b66e231b5a43318b20e63d5e1f647c8729f9ad8f11bf1649f84e34ad68c9c825d148ed83d841683ec6ebe7ecb2e6eb0b53c3e5973c9939ac6cff1360654ce972dc7c821ae3903998ebd6b9abf90bb6f07f198b8c499058df2e7772c92c42c80e1a120f50745b9e26c193894b870c9912c3c2b29bc9240d007f540b68277d75047b0557c0b80e4f07e2f6d7c625c963d82163bd2035ba38fd4ac71c71f0f297b7a1c97cf2fc7945acd8eee21c563a77f4e3f4328eeeab73be4057cc7756bc7386c99bc21f838af6c0d7d34b88be568dc0f75b38188cc582265073dada2eee4d13fb0fa05b3f058657ceb4e1c6714d479565786a3c1fbdc1c0a5c9938963495932bc06c6c6116003bdd11b7baa8cbf0e66bf2229242ec981b24625909d839e1a47eabd59d8b970f1ac9cac68a3314f1b1ae064a2e736f5f6d287c961e278595938b3998c5141131f2b6186c97bc31dcb67b0346ab5a5d18fc8c71c3c34cb2c796e7e5be9a397cb160e2462e991347d001fc2e73c49257a9a29f0c3ccd703ad924ff00015df1f97cb6c4d1bb58d1fa2e378ae70c877106b1c0861f2da49de9a07ef6bab1eb0ffea7fe2b57e4676ff2b92717c994fa24c8f3bef66ec9faaef3c073b26c0e23033411b03afebafe81716e1f75c09735e487cc4418ff00e63403ddf0034f891d974bf66a0b38dba37b7fa7938ce6827a86b85d7ecab86bf1dc6a3e4deabd609e76078fcdae8b8ef1fe3966041c458dfea614a1ee237e477a5df2d9757c34b9dc3e0f30fadade477c469fc2c1c5319995873c12fe0958633a6d62aff9f92c70baaf3f3c6755e7c4467322f33ff9794189e7a723c7293f437f25478503f8b70dcaf0f659be27c3dee38ae268ba8d167c345bb821eee1f262cfff00cc6239d03875d0d02a9fc4f2bf07c438bc571496ba78993923ff00305b1ffab7f55bf3cdeafd2df1b725c3ee39721c1c439a5a468411b7b2900df8ae93c658914adc6e3584d68c7cd1fd56b7664a371f3a27eab9d68dfad2e4b35d3bf1cbca6c10d0c040af74b6274a3b291aa1a24dd481d76554f608d6bada9b01235d4040a27e6b2b5a3aecaab4f48f28d745bdc238665f17ca66370d81d3ccf23f08d182f727a2b0f09786788789b880c7c16011b0d4b351e589bfcbaba2fa1bc21e17c1e03c3441c3d95745f2385be43dc9fe112e6bc13f67385c0cc7979e199bc477e6a3e5c5ecd1d7e257712b77681b9d7dd6dcd1f242dae87a68b0c6c2642ee87654abc894f6d8e30d2795a5a6be0a5845d13a66b47331b2df2f4a70b59991733794f5446d30e4b4d5367651f670ff00b041b51bc1a700013d02ccd70377bac31b6c9d345375b76ea826f750f49431ce76e490a0cf55f35ec895e2089efe80754102ebc87bc7e067a07c54d84d104e8b1c3a46c6d0d402ef8acf41addd0302828b492ea249080ee882dad4140dcd03a28b49bdd17cc7753e4144a00b072e81405f3754dae2ebfa2939a771b206c68b3a240fc50c78d54dac6806c1d954630d05fb745069ab17d504d48689d16563416934a47c498f1bb95ce20d35cb5e607cc14b7e28e4119922be5e6d5aed8ad3cae6f30babd4e1a356df4a22cd180dfc5648b67bcd7a46fdcac71572b82cc7d313056aeb71482517fcb3ca37dc7759d839b0b92ac875ebd1628da4837a1ad16ef0905f3d869a00bb6ec0ad2452b55d9d9595978ff7898bbcb1e5b0501cad1d3443eccafef656bccd31c97647c164610798f7d75545a2110b2e53d8fb6e511fe11fba6e048a0ab3b4c6e6010d8b301240735a3ff72d79230d792d07d2362b2e31ac6c9346bd234f8a1d7ca458b3a8f82d719d2959b0887c808f492d7020f5d0ad09fd58a01eaac38735cec80091a46f3ffb4aac98f2c6d06f400a9be86f70e7f2c2e76e0b813efca16d786f858e2fc662c274a6288873dce6b799c1a35d07fb0b063c67ee3cb102e7f97600dcdbbfd02c1164e56164472e34d2412b5b45cdd0b7d9677761177c7fc30dc4e27858f859a1d1e642e983b23d218d6ef64687e4b5383786b8a4d263cdf7199f8a64697bdbea05bcc013a74ecb28f1471576388679db931117e5cd183e93bb455503d5749e00f17321ce8713c8f29925c6f630fa34048a1d285fc9537945a7f16bc35cc9f8ff00177f3b4465e5ef70d84609b2a3c0307fc572b378fe6b6daf0ffba46468d68069dfe9f12ba5f1370666570d9e6e18638465721c97347fcc8aec915b1a26d61ca2e6b22e1dc3c53cb28b80b6c518d013fc2ebc7966536f3b971bc5975f6e6325cd80c9e487f94f7b9f2b8ede6b9c1d5fa7d02a5f1d654524dc3e30c709a08edd207f43a8006c083d5755e33c68b03c2f13211a473b0dbb7275b27df55e7dc5deecccdc995a2e38dad17d8014b6987e4e3b0f8fdf27e4af5cf0c64c3e2bf0a4073b98c8da8e70c7116e69d0e9a8e9aabfc2e1f8f86d1e4b3d40573b8dbabe257977d92716183c526e1f904b63ca1ccc37a35e07e962d7ae2f32e171baaf56e5bee101400249aea50a0f9031cd696b8976c40b03e3d82262fe57085b6f3b176c3dca8da246458b25dc98d2b88b01aa6db0d01c41756a40dfdfeab4b8b6741891471cbea927706358dd49d459f603fd127fb572deae9c4789b20ff88c800b1182eaff00a4135fa2e0b83e19ce93225cc9cc3c3e1b9b2a7e8d07a0eee3b01d6d745c798fcfc96630918c765bf94c929f4b597cce71f6a5cff88b28811f0ec485f0f0c89ffd30f01af9df5acaf1dc9d8740bd1e5ce638cfeb8fe1e371f2ca7daaf89e79e37c6a27c718831c39b163c0368a30741f1ea4f7b5e9b0c31e0717f0bb626900b65834d2eda0ff00aaf29e031f3718c7613b483f42bd53c54efbbc5e1dca1ff859adbaec46bfb2cf8f7e36a9f22fef318ed7863efef1158e68e570fad387eeb2cede66b87b2d5c3788f8de643ff99132603bd12d3fc2dd987a4acbd55729bc1e59e228c70df17c8e1621ce8c3cebb3b627ea3f554fe298bcce0ad7728e6c3c922c746482abe16dfd575df69987cfc362ca6b7d78d2efd9aed3ff00b805cd31e33b85654605ba7c7736baf3b7d43f568faaedca79f1238eeacce2bfc273479d8b95c0f29d5164b6e171fc920fc27fdf42b9b9227c334b14ad2d918e2d703d083454b1667433c5346e3ccc3cc0abef1831b3cb8dc52203cbcd602ff6900a3f5d1725ef1dba65f0cf5f55ce1053b00ee9de87400a1acf659d6f3db246012e6907988dd747e10f0de4f89389418b8a39216eb34f56183bfb93d954705c19788f138b0f0c38e44ffd360ee4e97f25f4df83fc370787f86c78308b7c4ce573ebf13c9d4aaed2c9e1de098bc1b86c3898110644c157d5e7fb9c7bff00aae8a187417b528b62d050a075f82d888f2b68aa5abe31a792d05ed8c77b2526340163a1aa5998cf3a495e3602be61638c80c6fc542ccd5400140951ca693007b6ee13ce3dfbac8e1e653bb29b4800d8e8886389cd7379e336d70042cadf5e974b561fe9cd262b40a36f889da89d47d56d369bab86a76401fe982e1a93bac59204a5b05900eae596c381ae8b0447fab2c84d36bcb1f244b3df29a077f65204114a0d7738abfd14f948d2aab75082e5e5f574082fbd1373b9872f7506b28efb291211d6b6987126a829075e9a25ca41b2891c943ba907802b7435de9a0a219ada80c47a59aa4c3c8ab048237b4f9f4a555e21c9761f0f73a377f524218df6f74fa46337743238c6163cee64b29e6075701602b18a5696131b839a7623b2e0f232a389b163348e699c19cd5d095dcc503618846ca0d68a0028c6edb7261307c740ff00c2b05e9abbf55559e4c8e6bdbda87c95bb87fc27fe955192cf56a74b5d393962300610ee63cba0a03a959dc6f5f6e50b580e4d36e8b618d3f975510a934d9f8ab1e104b4ce47e485e7e2abb95c74bd96ef0d7f23334696603fb85a455adc41807213b7e65860150bc83d56ecc2f1247d0d1c16a6132e2c865fa79039bef455328b6219b8593617449eca10e8d00ee45a9d7fba51166c638e4c39794fa5ef0083ec2d40fe55922aff000c693b195c76f651d4b1bd95f152b738736a7989d9b03cfe8a9a76b435b44ead0adf0c72fde9c6ec44fd3e54a9e7d2c55a8cbda1b78d92e11b2225a4015a8dbe616dfde5be4bbcdf30ed5ca43857b82b4b84640c4cb8f20c314fc86fcb945b5df10bd57c2fe36e00fc666367e041c3dc3d36230e8cfcf71f351e562648f32cd921790479643b4be52de5ae9a2bbfb39e1232b8e3b2df206e2608334af049e8685fbebf45ea3c43c1fe1de350f9b163c4c73ff0cf88437e7a687e8a878bf87a6e01e0ecae1fc35af9192bcbe6c81bbc58d08f869edaa8c6ccac955cf7274b7f0271c7f158b3048d0d80cef38deccdf94feff5ecad0c231721f000034faa33ddbdbe5fe8b98f026338e0b5903d8cfeb3dcc7d7e66d50dfa8bfd57619f164ced3cb1465f19e78ded937ee0df7fe7d95b2d619ea30b85e6c3bf71c6fda5bb97803003f8a61a7c013a2e7f897091c33c240483fe2648fcd94fb90081f2b5d778bf0a7c93c299262ca201960caed086b68ee5547da0c83fc325ad011d3e2bab8b3dce9c566586b1ff6e4bc351897894ec71d0e04f7f2889fe15ee0fda165706ca831f88839b84f630f383fd4658eff00982a7f0b340e2596f3f859c3b25c4ed5fd270fe47d5739c6e5f33270dd42beef1923e5ff00659fcaff003d3d5c32e9f43f05e3381c6f15b3f0dc86cccddcd1a39a7dc2dfdd7ccfc1f332709ecc8c399f04a0e8f8cd2f53f0ef1de35c599858f9d90c8e2998e90be3672c9230501ade966f603f0fbae3ca78cdb7c31b9dd3b4cee2ad8de60c4026c81a937e967fd47f8df65479913d91c93ccf324f2398c323b7b738015daaeebf7d55d60e03628d8d6c61ad02801d167cec213e04f0b47a9cd21a4f475687e4755877936de184d479bf16e1d30762cb064321ca7e3c90432ca348cb434178f8fa85f4d4f40b47c2bf67595c4809f8bcd263b59339d6d7073e5375a1d7d3d6fdf45dcf11e0038871ae15197f36260e311300757b8b9b4df9d127dbbddaaffb4cf12bf82e141c3f867a32324f966460a10b00e9ee46decba6e572efedcfe18e3358b8be2b85c0b87788e0e1fc11b24d3433974f92e7f30d47e01d2c753f01dcae93c74dbf083241bc5346f6e9b6ff00cd2f35f0c9be370f525c4feffeed7ad71dc2978af8624c3c08ccd90fe42d0ddb47752741d56fc796b0ede6f3cb79f1d2c1b90d3c4f816635dfd3cb85d15fb968737f657ef1a15c46589f87f8430199904b166603e171b162daea6d1d8e94576ec91b344d923371bda1cdf707505532d7b89f1d6e552f1ec319b83918ba1f3e3318f8f4fd69792f03ca7e2e480fd1cc70751ee0ea3f45ed198086923423514bc83c598bfe1fe24c9ad2195c276d7f6bc5fe86c7c976fc6ef78d67c3def17319f0fddb3f2610348e4701f0bd3f4a575c2cff0088787f3300d1961feb43f11bd7c468b4b8e8e6cb8e63bcb0b5c7fea6db4fff00683f351e019071b89c6e0472bfd24775cb3f5cfc6bab925b82b2ee88dad646fbdd2d8e278ff76cfc88da3d01e4b47b1d42c0dd068b2b3c6e9b617736eebec5708e478c62c971f46230c87e26c05f49b22a74d5b39ffc2f1bfb11e1061e0b9d9ee1fd4ccd631d9ac3aaf67c293ccc6e61a9356b3abc4ce9139bd8209a8ac74d527d832107a52d6cbcec7c3c684643bd4fa0d681649ea5522fddba8da600c88736848e9eeb52306dc46ca432a3ca8ae22093b83a10a500f41527a658e98dd4eaa547f10165639371bacd1fe141ab930f98d0f6e934679dbee7b2cb0bc64b0380ae847f69eca728b71156b0cb1c90c8e9f1dbcee3a3e3bae6bebf1419267982091ed00d0d126461b8ec6debb9e97dd79f789fc6b978be26e1dc3a318e18fca6b3220734f3f291a3af61aaf46ddc798513d4a0ad6f1094c8ff00bac21ed068f31a5b90e5367696eb1cdfda5534ec9b8799268f99f88f71274d5a7fd137e4092273c10d76ed7037f3595cbc6b6fc7329d2f5ad24f3382c829c083b8559819e5d1b62cad1dd1ff00dcb7e1d45fff00857996d95c357b49a1d67b059039a410375af9d94dc6880e5e67bf468bab556ee27931b8b9d8ed732f6668404b969331b7b8b901c0d91a2c84822c6a161c3cd8b360f32036df7e89b410ea248f64f6a1e97b2e6fc5d90d6cd87138d9b2e23e54ba9ad979bf8cb21c3c5f8b8ffdd11517fc5a717f93266e0b260e900e5e5a2d1ee3aaebf81677dfb864323ec4945927b10b9901ce8c735d3852b2f0e1fbb4f3e3b750ff00ea0f8f50b0e3cb55d5cf84b36f96e36f990c8dfec6daae919cd23cde8b7a692f19e3dc05a2f7728d2fe4bd1af3656078e79491b5834b3e39f529f0d6b2496663b7744e039bbad7c73cc0731d944f6b33b0032d1ea696e62111e2e6976f4d1f2b5a6453af620ada85a5cc9dac6b8f99c80002cb8d956f256a4c341f43d0f6ea161c3839f2d8cba6bf4aec35d15967707e23c31b13b88e0e4e331df81d333943fd82c38b17267639bab76ca65994dc42ae3d1a28500294c1166fa8480f53ff00ea3fba774a922f1bcc05dc3e16934d6b9e7dfb2d78c924368904adfc4fbbb470d667193ee61c4ca5869ce6976b47a2be9f87f84f25c7eefc5a4c2773694d3269d281f92b5cb5547398e4370f30f36f10d0fb9557316d0e5d6856aba0e238d062e2e78c6cc6e5c75134cad88b3d47a51eca827364b8f4d146576141b7559c8b65751fa2d78051d6e8ea29679081a343b5538fa4bb4fb27c6cc978b644f1e4cd8f81047cd3063a9ae27615faaecbc2de318bc47c5e4c09e0681197b98f1ab651a06d8e8753fa2a9cb87ff847eccfca05accfcda0f3d799c35fa35717e0ee7847139e27163a28a20d75ea0995a41ffda1478dcfa8a4cb577f4f6d6e2c125ba2c08831af3458430d83575a058e5cdc8c69a9a192c474a96daf69ec48e9eea1e1ae25fe29c3dd3b29b2bc07b9a468d7553abd89163e2b6e574394d922ccc7700d25bcd560f7e570d56194b3a746171f7f4dac49fef38e5dc85a6cb5cd3d3b8f9daf3ffb56c118dc323c8c76f2c4f78648d1b34d920fb5d1fa2ecb84cb189e6c685e650d209710411a56bf1ad11e27e1cce29c072f124341ed041fed20ddfe8afc59dc7b579309974f38f07f02cae231717746c2c8e7c37624733b46f3388bf8d72eb4b0f19fb36cb830d99078a6181047443dae1cc7b0ff0045eb7898f0e2e2c5062b43208da1ac681d3bfc55671585bc4b3e0c37df94c36ffa59fd081ffa95f9396e79792ba98cd3ce7c2ff677366e1327cf9df8d1b892c6b47339cde9f0d577383c1a3c0f10e0b22d31e1c1f2d96757169a3fbdfcc2e9a806fa450ad87ecb9af14788387f0c9a18dd3076744fe61147a9ad88776bb59dde4bf1db8ba5de82d4cac9a85ee8073d0ae61dcec07bd9f805abc2b361e358c7263c86bb1c1a31b0edff0059d3f4a0b6cdc8f6b616ff004a3a21c7417d2ab7d1459a4eb4513598185eaf5486cb8dd97bcfefafe8b98f15f0e0784e5492e3332e768f39ad73798997a575eb5f05d27100d8a0e4739ee9643ca0823988dc81d852cd1b44b2f9d316730d58c6b810cf7f8fec14639769d571be0ff016161320cde258f79c4173a22eb630b8eba0d3e5ad755d6cb3bfeef247c3238df2319e9e63cb1835a0d3e5b2c52641cb94c701a84685c3777b0f65bf0b3cb63001cbcbb01b00a3cf7d42e1af7edc1787f2f2f8e708e3ace2edbcf85f2445a5b5e5fa6f95a3a6a0abbf05e50c9f0de2ebeb84185dedca74fd2941913307c71981a299c430d93103ff00318ee53ffb5c156f825e31389f16e19b06bfcc67c01e53ff00fcfd57563dce9e772f59ba79db6d2bcefed0f103f1b172da3d5138c0faec7d4d3f5e60bd1e4db55cd788313ef985978805ba567a07f9c6adfdabe6b6e1cb5771cbe5e1c9b793f11024e118e76741318c9ff2b858fd5a554b090e046841bd15d5736265c45bf8a3f307b3986ff6e61f354f5d8689f2278e7e51e96377165c6ea56e36483f89bca48ebd47ef5f255a2fdefd8ab167f5b82386ee88dd7b5aaf6fc2bb2c79bdeffa714d4d3ddbec7269f86f87f0071068763643dd342fe624b01d083ec697a96133cb92768be47d3983a0e8579ff83b0dd8fe09f09c82abca31c9634e5759fdd763c1a57451b412e7085de5b9ae365a3a51ecb0c9aaf9c2e1769b85cf7149c3b8b62c6f0086465e74babd02bf20b98fa3e93a85cf3dbf78e273cb0bbd20359f4dd6595eba6fc5fe4cdc2c37efd396ec636956554ed36d957e0db73b29c4ea401fbab38dbccd692987aed1c966d28ff0d0dd6478a1a5958868e03d9668c5b08055d48841f8ad6c480697a2c23472ccd20821dd9441e21f6a38863fb44c19ff002bfc87fd1e5bfcaf67cd91b1c065710d03526b65e45f6e9198bc49c07245d535bf49015ea7c522199c34c25ce6f380db1eead915c545f6a7c161e22fc3c9832198e098ccee1e9bbedbd2b868c59e239dc1a78f2f0cfa9f1b1d7cbee3fd1798f88fece38be2f1566370fe4ca827717325710de4ef76a8f231fc41e04ce8656ced889b22488db1e6f569beba7cd4678e357c25976f7b85d0cd1348f5308ba286e63f0892039f06dcbd5a3baf3df0af8fd9c4a738d958a31b308d1ac3e990f61d8aeeb19d1e6379a005cc3a381dc1ea1735be3751bd92ced1f14f15c1c0660656466323e690358d2757dadd8b95f17334db48d35bb1dd71fe3ff0645c7f083b1cf979b0dba371be5f810acfc26ccac3e0b8b8b9ce89f344ce52e8c920fd7aa8cada9c71d4e966c7bb065124439984dc8df65d1c2f6cac0f611ca7aaa5239dbcba1bfdd6a3279b874be96b8c0e3ab4edf257c793c7a532e399771d0e80faaac7eab88f1c70e965f11704ca8196de6732477614baa1c6311e072383a422f949d5bf15a13be5c825f31680346b5bd15ae52cd29c78eaf6afc4809796bff0b7659a695d84e8f298db31ba9c07f6ff00aacfe86308fcc3aad0e2b3561cc07e22da17d9613aae8cbb7cc1134c8d90309d0731f92ae73f5a76a55ff0681b3cb931b9c5ad744407f402f72a8656f973bd87f1b491617a35e7fd27c35dcb9cc23a3803f3d1403795f2b4fe4757d09508cf2c8c77e60e07e8b632c72e7cf5d5d7f5d53145f6cc69e5a0d7a46ab7f0a4f279e768b732465168d5b566c7bad080d9a7ada20370e40c3a79ad34b4fad28e8fc45e20fbf70a6e17deb372dee904ae74fa3595fdbefdd51e33b9b2f19da0b750aea160e627900dfdf559b08de4e3e8053fbf4518e3309a4daad68f53ff00ea3fba96d74903abfe24fea83dbe14a9bed68dd7df918ed03f0c607ea56320ff00681f35b139e4c8e4e8d6347e97fcac44d07500480b5c7562b59e5b1c2652de52ef39a343d002a9e7e6e7f50d15ab9d5c29a5c1a03e73afb00aae51eb3f14a4463ab5d5780384ff008cf89206c8d0ec683faf28f60741f334b9266e76dd7b0fd996247c1fc2395c5724869c806536368d9607d75549748caea39efb5ae283378f45c3d8efe9e1b7d5ff005bb53f414154f8580670ae2b256efc760f939e6bf40b9fcfcc7e666cf9739b9267ba43f324abee072359c0f21a377e4b09f931c7f95a70cfda33cfac2bd1bc219470f86e1c8d697b5d186bd83f30bb07e2176d8f3479110960787c4ed88ff7a7c179df07788b846282453631649ae94b0bfc5ade17317e2074b75cc09a6bff00efeeafcfc53bc9cbf13e4e5e5e0f497c61fea1a3c6ce1fb7c3d9485b9843bf156a0ac18994268a2749198647b43b91c7bebbf5dd6c39c1ad7389a0012b867a7a8c78c6f1e3d6fd235f96eb430678dd2e6e539c1b0b0573bb415a9bf6d037ea157709e3632b83b1d8604af78e58a877a1afcefe8b670b864b346d39de889a5a441ee1a1b6e3d76fe7aa4ed1963aaaae3bc5f37359247c34490c147d60548ff87f68fd550719f05e3c6c9a767de1f21a2e6b1c28bab53aebbaf41e23f77c3e1f21772c4d7d461e4d6ae3cbb9f8dfc9619cb5b0caf7902300b893db75d1c596bbd397e567949262e57ecbf8498e0cac999f2399cc226b0bbd2e2352e23af40176f97349186478ed6ba47680b8d060adcffbd7eab0f03c7fbb70bc66551734c8e1eee25c7f71f203b2d27be21c49c7231dd933b0534c3ad6a7a7c3bac7973f2bd3ab865b8cdb7088230e7969cb9b6240b3f01d1a07c528f2b1bfa8e7e298bcb697bb9d8069fcad864b318816e2968df9398737d07550c9741918a03e3f304a0b58c7021ce3dbea07c3e4b3692ff50e118bf77c38c3810f2d1bfe5075a5bca3102236871e620017dd495a4f18a5b6ddd729e2a9862f8a3c352bbf04ae9b19c47f980afd42a5cb9070cf1dc531d22ca2d6b8ff00fb8de53f2e66adefb562e838570ccd60f562e635e34df43a7e8ab7c7ecf37ee59b8e6daf696b48eff8d87f5fe57670cfafeb8be4fb95dcbf654dc55a68b86e3507e0b7f86e58cee1d8b92dda58c3bf458388379a32a78e6b2b1e6f37adbcb78c40dc4e38e245c323bcca1fdafbb1f2b70f92e4656989ef8ceec25bf42bd0bc578dcd8ac980d617f213fe576c4fcefea170bc487365c8f6e9ce03abb1eab4f91378cc9e87c5e4f3c256c70a3ccd998740e6ff00d9757e05f03e3789385e4654f9cf8dec71608a100b99eeef8ae338692dc802f714745d57d9a674d81e2f8e188b845392d7b1bd7dd7373ffd72ff001dbc13f77be708c4633c178fc3e3717cf870b584385596f5595b351872a872480327f81d8fc963c294338844e6b8f96fb8ddd2f4d3f55b8c81ad832b1e63422b703fe5a2b971bb9badb938fc72d462cce2d2c2f92387d0c8a32e9251a9e6e800e8b17017b5b861dcc7988e6363a9ff00f2b4835efe092b9c2e591a0bcdf5bff45b182d7b22974d39b4f82e6b9db5d3c7c724319ef8f8abe2a6f23c802b7b57b24f140c73a691ac1bd92b92c2e252338fc98a787f9ece52e7650fc87b2b930b27e69677798e3f84f61d9698e7d33b86eb6b178c4591253637060de470e5b1dc056ef78681cbb1160fb2f3acce37c3b1b8fe1f0f9dee74b24a1b23633f84de81cbd17909d394340f4abe36d679c92f471b4487753239680f824dfe9fa4263d7a68adb66e3fc7be13778ad908e711cd8bea84efaf334ebf42ba87b437c9655d7f0b64fa5a6cfb2c315bde6ba29da159e246cdf7213c3ac916a35ab6f55453f02878bf0a7e267303e297d46f7bee3dd697da478cb27804f1e1e16346e748d2e74b2fe1a3a103dd4bc11e206715e1f6e70f363f4c8cfedffb5154cf1bedbf1e5d3c7fc59e14e25e1bcde67f9b262b5dcf1e4c62c8ff0042ba6f0278fde3263c2e2d202e7bb95996c3a3cf678fa6abd9e411cb111235ae6386ad7004382f3cf15fd9bf0be2127deb87b9d83317073833f09d7b77b54cb4bccad778d90c8c6f98da2545b8a18e2e681bdad0e11980c2cc59d8449100de677e6aeaad58f209048a3a855f69dd2b0c3646eb0710647235ad15442c9256a0ad399f66ff002acf3ba4cdef6aec68cb321ed7806b42b78861fc360fc56393979db24640354ef82c324c0027b9d163bd34b36cd2b846cdeeb75a13cf1c909e4ad8d2c5913bf95d5b11aaaf8ac0737dbf74b9f6be3c7d3c5f8335d3fdf6189a18d91a19cc468d376b9dcf844596f8f4241a047ecaff0001cec7e1b396bbfa8f908bbd1b4375cec84b9ee25d6ebbb5ec5793185edd0d6eb738a339335a4821af898efd3fecb49e16e658071f0642e2efe9961bf63b7eaa21441ae97aab01cadc190f2127cc6eb5a6db2afc7bbfe559b7ff0093946a017815f25b4ee21ade67f5090d02c6856c60bf9b2a068601ebeab03c68c17d3aadac303ef501bd0394a2aab40e70db53fba9346a069a1dca8014f77c4feeb342d0e96207fb9a3f5596bb4c6de4b079d2069b21c09fa058c36cbe85ac9992b4e54a5ba7a9cdd3d8d2c513ba55dd0dd698aba64c969fb842c23412484fe8aaf520fc7e8acf880ac38034503cc77f755b7e9a2d209eea2c4c64e1b852711e238d8708b927788c7ccd2f5afb4ccc8b85f8561e1b8ede56cdcb0340d3fa6d1aff001f55cb7d9370e13f8827cc70f46245e9d377bb41f41cc563fb51ce395e226c01d71e3461a3e2753fc2893a639e5e594c638eb693642bdc17323c07b4e80cce3f1a681fc8544ddeaad6ebe53c81bd9c5c3d89abfd82d38f2985f2ad6e3e534bacce34f7c2c89b403400180e80f73dd2f0ce33b8b78970319c4bfcc99bcdecd1ea3f2a05502f46fb1be1c64e219bc49e3d10b042c27ab9da9fa0fdd63cbcb735b8b8b0e3f51ea9235b2b5c1ed041375eeb97f1e71b6f0ee17360e35c99b9119600dd4c6c3a731f8f41bab3e25c54c5e64789ca1ed1cce91e7d310ee7fd172be0a85bc738c64f11939e5c4c57f2b2493ff1a53b9f8015f33ecabc7277699e57d63ed7be03e0ff00e15c0b144f17264965bc1ddb676fa57ecba4083bebbac394e7060644473c8791a4f4ee7e4152f757dfdd567148e3e2192d8a78c3f15f1c903af621c0027ea051f8eab96c4f0c8c18a6c7c932cd0c479a273a43ca45ec45d5aedded686b03000d6fe11d82ace3d97f73e1b33dbff31c4451ff00d4e343e9bfc97461978cd69e7f26f2cfdaee68cc83939cb59679ab4245550ec88d8d637963686b74d82c58195f7bc48e52396423d4dec7fdebf349d1cef279a6e566f4c6d13f32b9afb7a38ce93965e53c918e6948d07403b9ecb9289b9f078eb0a4cd98c90e436580f46b1cd6b9cc0dec1c0fc7d3aabae352e5f09c0972786633325a0992489ce21d5fdc3bfbf6e8b95cdf18f3f09c7e271e286cfcd6c89c6c12091bfc771efeead30b97a5e75d477399c431b10813cad6bdda86e97f4e8abd9e22c47c9cac931cfb7de181df4b5e1fc5b272b232249b3a67cf3c86dee71ebdab6af65a225a3f847c14e58f8dd2b70d7baf61fb4d9a0ccf094a6377ae39e37729dc0248bf86bbaad8dc389fd9ee2ccdd64c76b74ec63772bbff00695e7b8fc42d871f20cafc5703e869fc2ed7948bff003569b503ecbbafb3295995c133f87bdda875ff00e991bca4fc885d5c5fe3bfe393e4e37c56be00cbe6c1c8c271b740fe66dff63b5fa5ae83285c4579ff0087273c37c45109740fbc793f5afd42f439b56396994d65b795c8e4b8a40d97cd85c699334b2fb1e87eb4bccb89c6f63da5c3d62daef882bd5b8b476d2b83f14e31b7ca07fcc1cda7f70dff004d56b9cf2e3b16f83c9e39f857398ef3e731c7beabaefb32d7c751023ff05c6c77a0b8f8f47b68f50bb2fb2f24f8ef19a287340fdd70f27fd35ef70f5c8f6d73dcd11b98dfc0f0469bab4f1096bdd8ec8cd4b92de5781d5b56b5721a046d738b591d51274a55bc3f8bc59be20772f3ba08a16c0c7387e320eaefd579933d62efe4c3cbb59e7811604711d8c8d6348ecb6a5a8b0df4d3cc02c190e1365c319ae56733c81fbacce2440e2e366b5af8aacbf48d69a9850c9046c6f2798d7905e46849559e30f100e07c2e47b5a1f926d8c6fb9ea7e0ba1c716d076206c7e2bccb8fc6ff001178d8619f3bee3897e6f28fc67b057c64572cb71b3f659e159327219c7f8af339ae93fa4d76a5eefee3fc2f63b01deaefd55370ec884c1163c51987caa6889c2b940da95c3ecb856cba65eba725f699224e9aa6da61d511fa4bacd24f37b109a40279f46e9b95871ed96e27aac8e3c8c71dbe29307f4bd3afc134970bf6bbc24711e04dc985973e3d38d76bd578df09e3399c1f3999986f2c78a0e655891b7ab48f75f4df2095af648d63a270a735dd579ff12f01e0e078860e2b8ed1f726b8996022da1c6a8fc14dbd270e9859e2e0cfbb4b2f0ecbc5c69dad20bc7a438fec15fcbc4f9cc31b9be4b9dea1e6d0b1ec7aab2ccc0833b87ba12c6ba37b48208b049eb4bce59e03cf6e435b91c6669208c9f2d8f69735b674a5cd9474e3a76193c4b165c9c6c7c47c724a1dbb4d9a1bd8564647318e2fa2d6e80ae6b0bc3191c2dce9f172a192422dc5d1f29aeb442d939b3101859cd43d429676e89836f2b25f40c6f242504ec70a7f303eeabbce63097359ca0ea413b2064b40f50f4f7a597b6f31e9603949738107a2d32e2e90df448c9e603e5385764e27b75bf828309a45e799ae3b68aa79ab369c488c0e6241e8ae1e636c4e7b88686ee5c682f2ff0016f199b8a67c3c3f07124f2a53fd3731dea90edd3f2dab63c76f74cb934f3d95cd7c4f609dde70792636b7d247c569be3afc2e0e3b555144ac73642e93f31e615d4245cd78e5901be8e1baf59e5b03ff001556bf05bcf6077058dc4eb1ce5bf5093b1cc98b24ad9a37323009b34e6fcbdd4f87b4cdc2388c75ff002f96403e744feaa1562c61fe6055839ee383a03624d5dd76d957e239bcd447556543ee725070feb0dceda2d7156f4c719058e0e61e6a147b2d9c60dfbc461a6c0d42d592e3901174468565e1af70ca84103f11fd8a9a855b4fa9c7a5ff00256ef0d6f3e7c0c22ede3fdfe8b4c8b713eeb6b0b4ce86c5fa9673dadf4d9c82c3349cb45c09b03a6baac71961611601e84adfe1bc273788fde64c28222d880f31ce7863753a0b3b95b53785b8cc5c8e9384e4f201aba168901d3d8ad658854716a6c78b1b4db5b1837f12556b88adf7d15a7156112f97235cd31b1ad2d70a20d76552416e801bba1f1e8ab922bd6fecea06f0ff000b7de5d5cf94f7cce27ab45b40fd0af2ee2992ecce259590f2499242ebefaaf55e34f6f0bf0c3a08872371f15b0803bd51fd6d7906bcbb116ad66b18e6e1be79e59b67161b6be6755328347771dbf629b95df863861e3985261c13e3e3e4c337de3faa6b9da5bcba7c08dbdd5f8f09709e1a0c9c7f8db34d7c980ea7f727e816595eb4ebf292387c6825c899b1e3c4f96471a0c636c95eb5c1b93c31e14c787894ccc20e0649b5b9647bb70074d80ea5735278af0f02238fe14e1b1e3b48a3933b6dee1dfbfd7e8b9cc9926cac8391993499139de490d9af6e83e4ab314c9965fe965e2af14cfc4e2763e1c671787d9716fe693fea3fc2f55f0270e1c37c27c3a1a1cef8fce7fc5dafed4bc1f2dc4b883b6c02f7cf0c67b327c3fc2e4041e6c58f6ee0729fd415167d27531f4ba5a92bc1cc70bb73230d3aedcc4ffa2d96c80ecabdefff0088c83cc1c39c01ec001a7d6d31c7b65cdc930c76cce75daa0f131e67f0a6374e7ccd47fe879fde95c175f5551c7873647097f46e6027ff00a1c3f95bc8f3b0e4f2cdd139a31446f6d8635a18ff00615a3be5afc8fb2d9e94a0e7c77eb20b3adf51d7f45cdf8278fb789c7361cef0733185935f8d9dc7c2e8fc42e7d5f6f631ee6dd32f3cf15f0cc4c4c0e241d1797047309ae36eac0e34e737dc10c35d75eebd13a15cd78b2013e3e7c445f9d8b2b5a3a970687803ff00a4a89756267aaf15e28d7c7372bcb5d7a87b4fa5e3b8ff007a1d1692b3cb81d1c7b1742ef5575692371eff00baae7368ee083b3bbad33977b4657776dce0728878be2b9cd0e05c5947fcc0b6ff0050ba1fb3ac9fbaf883c871af3e274577f99bab7f5691ff00e5722c7189ed906ec7070f96aae0cbfe17c7fce60a6e3e4f98003d0107f65d1f167979465c93cb1d3a8f17631c7e319062f489089e3e944ebfb8fd576bc1b35bc47844390dddcd1cc2baaa4f1c40c7e2e265c6799ad718f98756bb56ff00bf75abe01cde5932701eedff00a8c07f51fbadecf2c36f1b2c7a5d7128ed8e5c9715c7f3b1e58e81701ccdbfee00fee057d176f9acb69d0ae5f3a321e7e36afc7de3a72f95c33993cca4608a72cfed70af874fdd757e02cfc7e19e3ac09b3486c3235f0f31d0349d89551e20c431e6c7201e891c069f15a3c6039b330b6c69d0fbae5e5c35c79c7d0f072ccacb1f41f1dccf325c7c20fb3212e7107701618c330f2f19a01040b750d82f36e07e26967ff0d7e539df79c63e53dd7a39a4502bbf8a51913cf2738753035a7d97879e171f6f6b8eccb174bc3b26339f2979b717168ec3fecae29b23686c45d2e3e17de33a424b5d40dfb8dd5d459ae8e181c35045fc5571bd99e3fc5bf296c6e2343d2d6a709e191c13c995e5812c9e9769bfbfeeb6e395b231af3b153009d890d5b30b10ca772e663b98ca20fcd5fc62997eeb8b39ee97c4a7118098618c39e7fcc4aec9d6dd3eb4ba709d39f339059b1b26c34424cd76d90ef4d156551c820802faa8b4d7301b14da6e470ad401fba52ec3a221202e32b99f1f71d6f03f0f48f8d8d97225fe9c6c234b37a9ff007d574b8ff88dea2973fe3cf0d0f11708e48c96654279e237d7b2825d38af05f8d1f94f1839ec0256b6c3daed0b7bfc9757c478f62418ad73a68b9af4b785e199f89370fcc931f2617c53c6e25cde52011edecb5cb0c80092cee7d4a978f6db1ce3d89de2bc37c82233b7d5b807503b271f12c1939a48e795b2b8df272d80bc70c13b586664337283a48d88d7c6e95f705f1165e30e599ac9e2ecf14efafc167970f4bce491e8f2e5176baccd3a00e6d2c2c9718b8b2cc6ede88d150e1f89f87c84073ce348081521a6dabbfbde1cf10779913fa5b4d92565f8ec6b8f2c6c35a1a7cc8cdd6f5d562e2599161c5723c3b25c7fa78ec2399c7b2a1e39c565c577ddb873a38b35c3439161a7d81dafe2b9ce19e1f9f8de44337136bb8698dc5b34ad792e9f5e9fdaad38a49ba8cb977d477d0e570fe29c33cb9b249c93ff0033879d4736b5aefbaaff000f78771b85c4657b03f31dbc8750cd7668e83dfaadac7e11858cc23018e6977e2702398fb92a5f749997792fd3a764cf3d750c38feebe7c8633231f855cb3440be3bdefab7e1d568e84730df75bd13cc9c56291b76e7827be9bad3ca70334ce8f501c687b5af42b81883c926c7a415bfc0473e49c6dc4d13d947ae97afd1478863b616e3867e78839df1ea9705f4f16c5735dbbe87d294210c2f53a8e9ca6d5ce040dcd89913e46c425c800bddb374dd5540df2f3b2187f2bdc2be056fe34c61c6e763b96a7b07b7a55fff003d2b5d078978362f0dc3c79b8771283398e93cb20329d1beaefdc2a1e1c03f3585a2cb492efa15b397c4e7cc7c6257c6638c7a636b0347c682c3891987880f33d2e21cef9514c6593b150d342ff5eeb6f00fff00a84375409dfe0b4e3f531b47a2dbc27566c47a5927e8ab3d95bd899d362b5c70e7962120f5f2114ef620e8a5271ace74018ececb1ad822423f65a2e6b4362691b8dd4c901bca356d8afaad26289d44f3a5f372667b9ee79755971d49aea9706c5fbe71bc081c3d0f9d809f6bb3fb2c1944fdf26074d760ad7c235ffc4188efec0f7fd18e2a7df4ae57536e87c719864e1b3d11fd47f6f75e764f6d0f55d6f8aa5126146dbddcb9270d345af3cd5d39be1e3ae3ed9f8773bb886306005e640069bde87f4b563c7785cbc2788c98d2fa9a69d1b810e0e69eb7b1ad8a5e13883b8bf9af6db31e27cc7e4287ea42ec1dc1db99e1f646f2199003a7c790fe57ea797e0e03ea02e7987963e51d17971c7298dfb70b13cb490e241bd6d6df99e83adad7cde7197307e8f0ed7e3d7f558b9f4a55c6baa5399c5ee3bd2f49fb3fe22e3c0fee649f371499401b889e7f823ff705e67a9240dfa7c5751e079a46f10e22e638b1bf7178b6f5a73282acbda93b7ac6365f3b6ec5fb6cb45f960e564807695c37eda2d5e10e718edd600eea9a7cf8867e586cf111e7bea9e0f55d5c525cbb79df3fac3a752cc9beab4b8cce0c10bc9be49e3758f891fcaad8f2c8dcac3c4327ccc5206ed735e3e21c08fd96d971f4f33873fde3a4ceceff00819b5a2617557fd2578df0de2991819f1e7e2c9cb90c773b49badb63ec57a5e5873f19cc69d4b4b35f7d17909040e5d2c0afe171e53f57d2e1978f6fa27c39c671f8ef0a8f331a9a4fa648ef58dc3707fd7b2c1c6c0fbd6293d4cdff00fa245e31e13f1164787b898c88adf8eff4cd0de8e6fb7b8e87e23aaf5ae35c571b23847f89624ac7e38c49e563fb3b97947c08b20858c9dc4659f55e56d2d9316206882c69fd15365c418f756c56dc3372c11b6f50c03f45ad90f0e3aeaba75d6893adb54006c1d558e54adcbc932b2c090835d41a035fa2ae5b184c2f9b7e568167e4abf1f92f1f22329d3d5783bbfc6fc0d1c7a19442613ecf8ce9f5007d571b8196fc2e258d94d154e1cc3e27557bf66399cb3716e1cedd8f6e4c7f0229c07cf94fd15378b30c62717ccc70298e7798cafed776f9ff000bb787bb70797963fbd9fd7a53c89a1648dd5af163e7aaa0e27151254fc0f9e33b82b627906584f29f87fbb5bb9f15b4a63fadd3cfe5c2cdcfb713c5f11b3c3caed28875fc0ae4b8f01f7c6f4f4af40ca8f75c7718c33fe298e646b9f1c8f6b69bb9adc69f153f227e8ecf81cbbbe355dc367e4c9879880db00e8bd6bc152c8e19b14ff8a2708c81edaae433fc28c6f80b138de135c646c8f6ced26c86f311f2ad15afd9f67191996f79e673fcb27f6bfd1789f271de3b7d1fc6cbbd57a16234b70df1bbf1b5d63e056ce34a2387eeae0686b19ebf05a31cad33c20d802da7ded6e4ac6877a01b69dd70cea3bb2d45ae1e411100e3a056025fe81702037dd51e1bc8ae6356b6325ce9617863b95807d56985b5cf9d91bd818c1b84eca2035f34809277a0745d444e0edf5154abce386f08859d58c056f37d2d6d75682bb719d38b2bba9bc80795a3449849245129b0076a7743ff00a6d25590c2ea3238b741dd38859366d42021e1daf5590fa468894dc680a0500f30a249f6a518dd77699a02faa214de29f0bf0ee3f0819d196c8dfc32c4795e156f05f01f02e1a016637de25bbe698f315d5b497117b265bcbab5047c98e381d1318cf2aa8343452e7788f86b83e6ca4cf810dbb72c1ca4fd1744e75e97f25af201cdee10715c47ecab8266379f19f958b25e843f987d0ae3f33c33e26f04cd2647092ccdc5736def0ce61ffa9bbfcc2f6b8e4f4f29532d0013d0f4ee89dd7cf7c47c43c5f8b421d0f08f2e26f29979719cf0f22f5d468b6b83f8af0e67f97c4a1fbbc834716835f45eed19645e98da034eb4d6d6ab99f13781782f1f2d9322038f93b89a01ca7e7dd572c769c33d57258fc538591ff0b3b5c4ed454fefcf782d0db1deb75a79ff00641231a4f0ee2ce206a1b2b68dfc46cb94e28fe37e1fc97e17100e05ad144bb985770567785d1399c241c90e04b90dd652de527a9548ea2d240d4fe8b76791cdc56c5ddd75d1691dc8f915d597b70cbd2cb8b83f77c02dd09896970f7f979f8cfbd1af69fd56ce7c84e070f1d81afaad067a5edd6bd576a12b1c83e4f88320bbabcedee54cb4362c86fe20246e9ec6d4bc482b893266d5cb1b1c9e67303974e01b71baabe2b4c55ac262a792d05ad1a6eb7b04b8c80b9ed706b1da9dc8a3a5ad386561e66b89df5d16ce1b1ac96575547e53f9476d15fe90ab8480c6d5f65bdc285e7301d8823f42b4623fd20b7b868233195b9047ca8aa49d97d31bec10ddfb153fcc0f4d07eaa44596f7aafd92780d003a8eb67dd683165381cc9c836398ab3f0b1278c43cb76592340ee7cb768aae42d1933695ea2b778165370b8ce1e43bfe5c7202ef81d0fe84a89755166e69978ccfe6b00041dd523f4fe55a71280e3e564e39bb8dee67d09afe155c4c9247b6360e695ee0d03b926805bfca9ded5c31f19a8eb3c1f845f81316b7fa99d3331987b31beb90fec17a06542d38c6370fe9b5a1b47a05ade1ae1431a087ab3162f2232055b89e691ff371af8056b94cbc7947b2ae1d61a799cf9f9f24d7d3c533a4f373b264d4f3caf76beee25615972a2741953c2fbe68dee61bee095886a745c5f6f6a32633dac12977e2f2cb59ece3407e97aae83c192363cec88ce866c691a0773e93fb34aa2642e1187bc100ecaefc238cf9b8b09812228185d21ee0fa6bf5fd17671f0dc70b9648996ef4f4fc06076272f522beabc772382e64195341e507189e585cdae5241e8bd8386bc9c335f8836c7c6978fcbc5b3ccb2ba4c87195cf717db46a49d7f95963e3bfd99e732b3f5753c2ccb0e042c9c7f51a28df4d566c894f9127b3495a585399f12291c3d4e6eab3f32f475bc5e1dc759edd8451f9b0b1e07e201d5f1d7f95e43c561fbb713ca86ab92570d3b5af63e0203f83e138f4880fa69fc2f3afb46c1fba7885d2014dc88db2fcc687f60bcdca3ddc2ee472db75215fe064bf13c25c483deee5c991b0b180e83ababe35fa2a38e32efc23ae83dd587177793062e0b0db616973bddce54c659bcaa393dcc5a7cda6eb1b8da8a13cee9aec05bbc2838cd441e53bfcb50b4b7571c1c37ee9cc48e7f38903db935fd55fe34df2e2a67fe3569e19c91c3bc77c3f98911e633eeeeffd4081fa80ba4fb48c13f76c7cd68f5464c725763ff75c4f891ae8e1c2ca8896cb13fd241d411a8fd42f57c9647c7fc3c1f4393371db28afcae22ff7b5d795f0e6ae2e59a98e4f39f04f13fb87186891d504be975af4bca8c51d578b39afc7c921c2a489fa8f7bd57abf86788b789f0a67310658c06bfdc742b4e59df9473fcbc3ff0053d568e7c34e25731c5d8e6e7f0b2c0e2e13920374361bb8f82eeb3a1b695c8f1910c19fc3e4ca739b1b1f23896efa30d7eaab9e5be3ae4f8bbc79a47a7fd9940de27f6630e2e5b58e648d91a74d7527537d7dd79578262930b88711c27bedf0b8c5cbd7d2775d0fd9dfda261786f8143c338b624a58c6991b3c079f9b9b5d41f8ae2f89f1bc41e32cce21c2ccadc1c97970e61cae17b95e57263bc74fa6e1cf576f4be1f310f6c4f3afe206d740723d239458ea5709e1fe258f9b3548093a72b81a34bbec366208353640ea579b65974f532cbca1c6f6901cf735addf750c7e2d064f1fc2e11039b2e4484c8e68fcac1d4ac190c8b20b18d24b49d6bb2cfc278562e1713c6e211b49c98642cf32f52c7695faadb8a6af6e7cfd3d17207fc3b99ec88a9f134fb0014a4b7c6f3edf55188f971b011aaec7125f87e2a12dba33aa99b27458e63cad1677410c76f2c37a592b203cda28c039a115d130390ea77ec8241bcb69f35f4b4af9b41ba082ddd1203681369f3d8d069dd2e60e1437472168b3d1045cc03d40ad76bf99f54b66475b286eb52304c87634886d0680dee53e7ee744020b6b7a50208f822593941db750e7aa14a5ced1d77f658f94babb6e8ae922dbb79dcf455f918f8f919520c98239740473b41a1d958970e502cad23a65bbddba225fffd9);

-- --------------------------------------------------------

--
-- Estructura de tabla para la tabla `usuarios`
--

CREATE TABLE `usuarios` (
  `Id_Usuarios` int(11) NOT NULL,
  `Nombre_Usuarios` varchar(45) NOT NULL,
  `Apellido_Usuarios` varchar(45) NOT NULL,
  `Correo_Usuarios` varchar(45) NOT NULL,
  `Telefono_Usuarios` varchar(45) NOT NULL,
  `Contraseña_Usuarios` varchar(45) NOT NULL,
  `Id_Rol` int(11) DEFAULT NULL
) ENGINE=InnoDB DEFAULT CHARSET=utf8mb4 COLLATE=utf8mb4_general_ci;

--
-- Volcado de datos para la tabla `usuarios`
--

INSERT INTO `usuarios` (`Id_Usuarios`, `Nombre_Usuarios`, `Apellido_Usuarios`, `Correo_Usuarios`, `Telefono_Usuarios`, `Contraseña_Usuarios`, `Id_Rol`) VALUES
(2, 'a', 'a', 'a@gmail.com', '123', 'a', 2),
(3, '1', '1', 'Aa@GMAIL.COM', '1', '1', 1),
(4, 'PRUEBA 5', 'PRUEBA 5', 'PRUEBA5@GMAIL.COM', '123', '123', 2),
(5, 'JOSE', 'GUERRA', 'JOSEGUERRA.JG683@GMAIL.COM', '123212112', '123', 2),
(6, 'prueba 20', '20', 'gmail@gmail.com', '123123', '123123', 2),
(9, '1', '2', 'JOSEGUERRA.JG683@GMAIL.COM', '123', '12', 2),
(11, 'perez', 'hola', '[value-4]', 'peres@gmail.com', '1234', 1),
(22, 'Rey1', 'Apellido1', 'rey1@gmail.com', '123456789', 'contraseña1', 2),
(23, 'Rey2', 'Apellido2', 'rey2@gmail.com', '123456789', 'contraseña2', 2),
(24, 'Rey3', 'Apellido3', 'rey3@gmail.com', '123456789', 'contraseña3', 2),
(25, 'Rey4', 'Apellido4', 'rey4@gmail.com', '123456789', 'contraseña4', 2),
(26, 'Rey5', 'Apellido5', 'rey5@gmail.com', '123456789', 'contraseña5', 2),
(27, 'Rey6', 'Apellido6', 'rey6@gmail.com', '123456789', 'contraseña6', 2);

--
-- Índices para tablas volcadas
--

--
-- Indices de la tabla `citas`
--
ALTER TABLE `citas`
  ADD PRIMARY KEY (`Id_Citas`),
  ADD KEY `FK1_Id_Clientes` (`Id_Clientes`),
  ADD KEY `FK2_Id_Estilistas` (`Id_Estilistas`),
  ADD KEY `FK3_Id_Servicios` (`Id_Servicios`);

--
-- Indices de la tabla `clientes`
--
ALTER TABLE `clientes`
  ADD PRIMARY KEY (`Id_Clientes`),
  ADD KEY `Fk_Id_Usuarios` (`Id_Usuarios`);

--
-- Indices de la tabla `comisiones`
--
ALTER TABLE `comisiones`
  ADD PRIMARY KEY (`Id_Comisiones`),
  ADD KEY `Fk1_Id_Facturas` (`Id_Facturas`),
  ADD KEY `Fk5_Id_Estilistas` (`Id_Estilistas`);

--
-- Indices de la tabla `estilistas`
--
ALTER TABLE `estilistas`
  ADD PRIMARY KEY (`Id_Estilistas`),
  ADD KEY `Fk_2Id_Usuarios` (`Id_Usuarios`);

--
-- Indices de la tabla `facturas`
--
ALTER TABLE `facturas`
  ADD PRIMARY KEY (`Id_Facturas`),
  ADD KEY `FK1_Id_Productos` (`Id_Productos`),
  ADD KEY `FK2_Id_Servicios` (`Id_Servicios`),
  ADD KEY `FK3_Id_Clientes` (`Id_Clientes`);

--
-- Indices de la tabla `productos`
--
ALTER TABLE `productos`
  ADD PRIMARY KEY (`Id_Productos`),
  ADD KEY `Fk_Id_Clientes` (`Id_Clientes`);

--
-- Indices de la tabla `roles`
--
ALTER TABLE `roles`
  ADD PRIMARY KEY (`Id_Rol`);

--
-- Indices de la tabla `servicios`
--
ALTER TABLE `servicios`
  ADD PRIMARY KEY (`Id_Servicios`);

--
-- Indices de la tabla `usuarios`
--
ALTER TABLE `usuarios`
  ADD PRIMARY KEY (`Id_Usuarios`),
  ADD KEY `FK_Id_Rol` (`Id_Rol`);

--
-- AUTO_INCREMENT de las tablas volcadas
--

--
-- AUTO_INCREMENT de la tabla `citas`
--
ALTER TABLE `citas`
  MODIFY `Id_Citas` int(11) NOT NULL AUTO_INCREMENT, AUTO_INCREMENT=18;

--
-- AUTO_INCREMENT de la tabla `clientes`
--
ALTER TABLE `clientes`
  MODIFY `Id_Clientes` int(11) NOT NULL AUTO_INCREMENT, AUTO_INCREMENT=13;

--
-- AUTO_INCREMENT de la tabla `comisiones`
--
ALTER TABLE `comisiones`
  MODIFY `Id_Comisiones` int(11) NOT NULL AUTO_INCREMENT;

--
-- AUTO_INCREMENT de la tabla `estilistas`
--
ALTER TABLE `estilistas`
  MODIFY `Id_Estilistas` int(11) NOT NULL AUTO_INCREMENT, AUTO_INCREMENT=10;

--
-- AUTO_INCREMENT de la tabla `facturas`
--
ALTER TABLE `facturas`
  MODIFY `Id_Facturas` int(11) NOT NULL AUTO_INCREMENT;

--
-- AUTO_INCREMENT de la tabla `productos`
--
ALTER TABLE `productos`
  MODIFY `Id_Productos` int(11) NOT NULL AUTO_INCREMENT, AUTO_INCREMENT=2;

--
-- AUTO_INCREMENT de la tabla `roles`
--
ALTER TABLE `roles`
  MODIFY `Id_Rol` int(11) NOT NULL AUTO_INCREMENT, AUTO_INCREMENT=3;

--
-- AUTO_INCREMENT de la tabla `servicios`
--
ALTER TABLE `servicios`
  MODIFY `Id_Servicios` int(11) NOT NULL AUTO_INCREMENT, AUTO_INCREMENT=2;

--
-- AUTO_INCREMENT de la tabla `usuarios`
--
ALTER TABLE `usuarios`
  MODIFY `Id_Usuarios` int(11) NOT NULL AUTO_INCREMENT, AUTO_INCREMENT=28;

--
-- Restricciones para tablas volcadas
--

--
-- Filtros para la tabla `citas`
--
ALTER TABLE `citas`
  ADD CONSTRAINT `FK1_Id_Clientes` FOREIGN KEY (`Id_Clientes`) REFERENCES `clientes` (`Id_Clientes`),
  ADD CONSTRAINT `FK2_Id_Estilistas` FOREIGN KEY (`Id_Estilistas`) REFERENCES `estilistas` (`Id_Estilistas`),
  ADD CONSTRAINT `FK3_Id_Servicios` FOREIGN KEY (`Id_Servicios`) REFERENCES `servicios` (`Id_Servicios`) ON DELETE CASCADE ON UPDATE CASCADE;

--
-- Filtros para la tabla `clientes`
--
ALTER TABLE `clientes`
  ADD CONSTRAINT `Fk_Id_Usuarios` FOREIGN KEY (`Id_Usuarios`) REFERENCES `usuarios` (`Id_Usuarios`) ON DELETE CASCADE ON UPDATE CASCADE;

--
-- Filtros para la tabla `comisiones`
--
ALTER TABLE `comisiones`
  ADD CONSTRAINT `Fk1_Id_Facturas` FOREIGN KEY (`Id_Facturas`) REFERENCES `facturas` (`Id_Facturas`),
  ADD CONSTRAINT `Fk5_Id_Estilistas` FOREIGN KEY (`Id_Estilistas`) REFERENCES `estilistas` (`Id_Estilistas`) ON DELETE CASCADE ON UPDATE CASCADE;

--
-- Filtros para la tabla `estilistas`
--
ALTER TABLE `estilistas`
  ADD CONSTRAINT `Fk_2Id_Usuarios` FOREIGN KEY (`Id_Usuarios`) REFERENCES `usuarios` (`Id_Usuarios`) ON DELETE CASCADE ON UPDATE CASCADE;

--
-- Filtros para la tabla `facturas`
--
ALTER TABLE `facturas`
  ADD CONSTRAINT `FK1_Id_Productos` FOREIGN KEY (`Id_Productos`) REFERENCES `productos` (`Id_Productos`),
  ADD CONSTRAINT `FK2_Id_Servicios` FOREIGN KEY (`Id_Servicios`) REFERENCES `servicios` (`Id_Servicios`),
  ADD CONSTRAINT `FK3_Id_Clientes` FOREIGN KEY (`Id_Clientes`) REFERENCES `clientes` (`Id_Clientes`) ON DELETE CASCADE ON UPDATE CASCADE;

--
-- Filtros para la tabla `productos`
--
ALTER TABLE `productos`
  ADD CONSTRAINT `Fk_Id_Clientes` FOREIGN KEY (`Id_Clientes`) REFERENCES `clientes` (`Id_Clientes`) ON DELETE CASCADE ON UPDATE CASCADE;

--
-- Filtros para la tabla `usuarios`
--
ALTER TABLE `usuarios`
  ADD CONSTRAINT `FK_Id_Rol` FOREIGN KEY (`Id_Rol`) REFERENCES `roles` (`Id_Rol`) ON DELETE CASCADE ON UPDATE CASCADE;
COMMIT;

/*!40101 SET CHARACTER_SET_CLIENT=@OLD_CHARACTER_SET_CLIENT */;
/*!40101 SET CHARACTER_SET_RESULTS=@OLD_CHARACTER_SET_RESULTS */;
/*!40101 SET COLLATION_CONNECTION=@OLD_COLLATION_CONNECTION */;
